name,blk_per_g,drb_per_g,pts_per_g,fg2_pct,ast_per_g,gs,pf_per_g,fg3_per_g,fta_per_g,fg_pct,mp_per_g,fg3a_per_g,efg_pct,tov_per_g,ft_per_g,ft_pct,stl_per_g,fg3_pct,fg2_per_g,g,fg2a_per_g,trb_per_g,orb_per_g,fg_per_g,fga_per_g
Kyrie Irving,0.3,2.7,20.8,0.481,5.5,316,2.2,1.8,4.5,0.452,34,4.7,0.505,2.8,3.9,0.866,1.3,0.378,5.8,316,12.1,3.4,0.7,7.6,16.8
J.R. Smith,0.2,2.7,13.1,0.466,2.2,302,2.3,2,2.3,0.422,26.9,5.4,0.512,1.4,1.7,0.734,1,0.375,2.7,846,5.8,3.2,0.5,4.7,11.2
LeBron James,0.8,6,27.2,0.538,6.9,993,1.9,1.4,8.3,0.498,39,4,0.532,3.4,6.2,0.744,1.7,0.339,8.4,994,15.7,7.2,1.2,9.8,19.7
Archie Goodwin,0.2,1.5,6.2,0.474,1.2,15,1.2,0.3,2.2,0.419,14.5,1.2,0.444,1.3,1.5,0.689,0.4,0.227,1.9,150,4.1,2,0.5,2.2,5.3
Quincy Acy,0.4,2.4,4.5,0.529,0.6,51,1.9,0.2,1.2,0.494,15.2,0.6,0.521,0.6,0.9,0.752,0.4,0.323,1.5,224,2.9,3.5,1.1,1.7,3.5
John Lucas III,0,0.8,4.8,0.409,1.5,8,0.8,0.7,0.4,0.383,12.2,2,0.452,0.5,0.3,0.768,0.4,0.344,1.2,239,3,1,0.2,1.9,5
Ty Lawson,0.1,2.1,12.9,0.49,6.2,328,1.6,0.9,3.6,0.459,29.8,2.5,0.504,2.1,2.7,0.765,1.2,0.364,3.7,491,7.6,2.8,0.6,4.6,10.1
Troy Williams,0.2,0.2,3.4,0.571,0.4,1,1.4,0.2,1.8,0.455,9.8,0.8,0.5,0.6,1.2,0.667,0.8,0.25,0.8,5,1.4,0.4,0.2,1,2.2
Metta World Peace,0.5,3.4,13.4,0.447,2.7,838,2.7,1.2,3.7,0.415,32.3,3.5,0.466,1.8,2.6,0.715,1.8,0.34,3.6,970,8.1,4.6,1.2,4.8,11.5
Nicolas Laprovittola,0,0.9,3.6,0.5,1.7,0,1.1,0.6,0.7,0.381,11.7,1.9,0.476,1.1,0.7,1,0.1,0.308,0.6,7,1.1,1,0.1,1.1,3
Semaj Christon,0.1,1.4,4.1,0.4,2.9,0,1.5,0.1,0.6,0.366,17.1,0.8,0.378,0.9,0.3,0.4,0.5,0.167,1.8,8,4.4,1.9,0.5,1.9,5.1
JaVale McGee,1.7,3.3,8.1,0.543,0.3,160,2.3,0,2.2,0.542,19,0,0.543,1,1.3,0.581,0.4,0.167,3.4,421,6.3,5.3,2,3.4,6.3
Alan Anderson,0.1,1.8,7.8,0.457,1.2,66,1.9,1.1,1.6,0.406,21.6,3.1,0.485,0.9,1.3,0.818,0.6,0.345,1.6,301,3.6,2.3,0.5,2.7,6.7
Jerryd Bayless,0.1,1.8,8.5,0.437,2.9,81,2.1,0.8,2.2,0.415,21.2,2.2,0.472,1.4,1.8,0.825,0.6,0.365,2.2,510,4.9,2.1,0.3,3,7.2
Dion Waiters,0.2,2.1,12.8,0.437,2.5,116,2,1.1,2.7,0.409,28.4,3.2,0.455,1.8,1.9,0.704,1,0.335,3.8,295,8.7,2.6,0.5,4.9,12
Damjan Rudez,0.1,0.5,3.9,0.542,0.6,2,1.1,0.8,0.3,0.44,13,2.1,0.572,0.6,0.2,0.774,0.2,0.391,0.6,103,1,0.7,0.1,1.4,3.2
Joe Harris,0.1,0.9,3.2,0.54,0.6,1,1.3,0.7,0.3,0.405,10.8,2,0.518,0.6,0.2,0.556,0.2,0.339,0.5,64,1,1.1,0.1,1.2,3
Ron Baker,0,0.5,4.5,0.25,1,0,0.5,1,1,0.375,11.5,2,0.5,0.5,0.5,0.5,0.5,0.5,0.5,2,2,1,0.5,1.5,4
Tyler Zeller,0.6,3.1,7.6,0.503,1,130,2.4,0,2,0.501,19.1,0,0.501,0.9,1.5,0.779,0.3,0,3.1,296,6.1,4.7,1.6,3.1,6.1
Kevin Seraphin,0.8,2.3,6.1,0.485,0.6,31,2.2,0,0.9,0.484,15.6,0,0.484,1.1,0.6,0.716,0.2,0,2.7,380,5.6,3.5,1.2,2.7,5.6
Beno Udrih,0.1,1.7,8.5,0.495,3.4,272,1.6,0.6,1.5,0.462,22.2,1.6,0.501,1.4,1.2,0.83,0.7,0.349,2.8,800,5.6,2.1,0.4,3.3,7.2
R.J. Hunter,0.1,1,2.7,0.486,0.4,0,0.8,0.5,0.2,0.367,8.8,1.8,0.464,0.3,0.2,0.857,0.4,0.302,0.5,36,1,1,0.1,1,2.7
Steve Novak,0.1,1.1,4.7,0.462,0.3,6,0.8,1.2,0.2,0.438,12.3,2.9,0.605,0.2,0.2,0.877,0.2,0.431,0.4,460,0.8,1.3,0.1,1.6,3.7
Ryan Kelly,0.5,2.8,6.5,0.422,1.4,59,2.1,0.7,1.9,0.381,20.4,2.1,0.44,0.7,1.5,0.796,0.5,0.313,1.5,148,3.5,3.3,0.5,2.1,5.6
Christian Wood,0.4,1.5,3.4,0.429,0.2,0,0.6,0.2,1.2,0.407,8.2,0.7,0.444,0.1,0.7,0.619,0.3,0.333,1,18,2.3,2.2,0.7,1.2,3
Brian Roberts,0.1,1.2,7,0.444,2.4,57,1.3,0.7,1.2,0.414,17.5,2.1,0.472,0.9,1.1,0.915,0.4,0.353,1.9,274,4.2,1.4,0.2,2.6,6.2
Marvin Williams,0.5,3.9,10.5,0.476,1.3,605,2.1,0.8,2.7,0.445,28.8,2.2,0.49,1,2.2,0.801,0.8,0.355,3,792,6.3,5.2,1.3,3.8,8.5
Roy Hibbert,1.8,4.1,10.4,0.464,1.4,575,3.2,0,2.8,0.463,25.6,0,0.463,1.6,2.1,0.753,0.4,0.25,4.1,616,8.9,6.5,2.4,4.1,8.9
Ramon Sessions,0.1,2.3,10.9,0.453,4.2,142,1.4,0.3,4.1,0.438,24.3,0.9,0.455,1.8,3.2,0.792,0.7,0.311,3.4,620,7.5,2.8,0.5,3.7,8.4
Nicolas Batum,0.7,4.1,11.7,0.516,3.4,505,1.9,1.6,2.1,0.441,31.4,4.5,0.527,1.8,1.7,0.836,0.9,0.359,2.6,558,5,5.2,1.1,4.2,9.5
Aaron Harrison,0,0.5,0.8,0.2,0.1,0,0.5,0.1,0.5,0.25,4.4,0.5,0.325,0.2,0.2,0.417,0.3,0.3,0.1,22,0.5,0.7,0.2,0.2,0.9
Marco Belinelli,0.1,1.8,9.5,0.457,1.6,216,1.5,1.3,1.7,0.424,23.1,3.5,0.506,1,1.4,0.823,0.6,0.379,2.1,577,4.6,2,0.2,3.4,8
Frank Kaminsky,0.5,3.3,7.7,0.47,1.3,3,1.6,0.9,1.8,0.416,21.2,2.6,0.481,0.8,1.3,0.725,0.5,0.332,1.9,86,4.1,4.1,0.8,2.8,6.7
Spencer Hawes,1,4.4,8.9,0.48,1.9,367,2.6,0.5,1.4,0.456,23.4,1.5,0.489,1.5,1,0.709,0.4,0.353,3.2,637,6.6,5.9,1.5,3.7,8.1
Jeremy Lamb,0.3,2.3,7.5,0.496,1.1,8,1.5,0.9,1,0.432,16.5,2.6,0.497,0.7,0.8,0.804,0.6,0.332,2,217,4.1,2.7,0.4,2.9,6.7
Cody Zeller,0.7,3.8,7.5,0.482,1.2,113,2.5,0,2.8,0.479,21.6,0.1,0.479,1,2.1,0.746,0.6,0.167,2.7,224,5.6,5.4,1.6,2.7,5.6
Kemba Walker,0.4,3.2,17.5,0.434,5.4,326,1.5,1.5,4.6,0.404,33.7,4.6,0.455,2.1,3.7,0.823,1.4,0.336,4.5,371,10.5,3.8,0.6,6.1,15
Michael Kidd-Gilchrist,0.8,4.4,9.1,0.472,1.2,205,2.1,0,3,0.468,26.4,0.1,0.469,1.1,2.1,0.692,0.7,0.214,3.4,209,7.3,6.2,1.8,3.5,7.4
Kris Humphries,0.6,3.7,6.8,0.472,0.7,199,1.9,0.1,2.1,0.465,18.1,0.2,0.47,0.9,1.4,0.698,0.4,0.273,2.6,751,5.5,5.5,1.8,2.7,5.7
Taurean Prince,0,1,1.5,0.667,0.5,0,0.5,0,0.5,0.5,5,0.3,0.5,0.5,0.5,1,0.3,0,0.5,4,0.8,1,0,0.5,1
Malcolm Delaney,0,1.6,6,0.419,3.6,0,1.4,0.6,1,0.409,17,1.6,0.466,1.3,0.9,0.875,0.3,0.385,1.6,8,3.9,1.8,0.1,2.3,5.5
Dwight Howard,2.1,9.1,17.8,0.585,1.5,887,3.3,0,8.9,0.582,35.3,0.1,0.582,3,5,0.567,1,0.093,6.4,888,10.9,12.7,3.5,6.4,10.9
Kent Bazemore,0.3,2.4,6.5,0.479,1.4,101,1.6,0.8,1.5,0.427,16.8,2.2,0.497,1.1,1,0.691,0.8,0.349,1.6,286,3.4,2.7,0.2,2.4,5.6
Paul Millsap,1,5.1,13.9,0.515,2.2,500,3.2,0.3,4.1,0.498,29.1,1,0.514,1.8,3,0.732,1.3,0.335,4.9,776,9.6,7.5,2.3,5.3,10.6
Mike Muscala,0.5,1.6,4.3,0.566,0.6,8,1.3,0.2,0.7,0.522,11.3,0.6,0.552,0.5,0.6,0.856,0.3,0.325,1.5,128,2.7,2.5,1,1.7,3.3
Tiago Splitter,0.6,3.4,8,0.559,1.2,153,2,0,2.7,0.557,19.4,0,0.557,1.1,1.9,0.696,0.6,0,3.1,347,5.5,5.1,1.6,3.1,5.5
Kyle Korver,0.3,2.8,10,0.46,1.8,403,2.2,2,1.3,0.442,26.5,4.6,0.568,1.1,1.1,0.879,0.7,0.43,1.5,971,3.2,3.1,0.3,3.4,7.8
Thabo Sefolosha,0.4,3.1,5.9,0.502,1.5,426,1.7,0.6,1.1,0.449,23.1,1.7,0.507,0.9,0.8,0.731,1.1,0.345,1.7,686,3.3,3.9,0.8,2.3,5
Tim Hardaway,0.1,1.6,9.7,0.482,1.2,32,1.5,1.5,1.7,0.414,21.9,4.2,0.503,0.8,1.4,0.817,0.4,0.348,2,210,4.1,1.8,0.2,3.4,8.3
Dennis Schroder,0.1,1.8,9.2,0.454,3.8,24,1.5,0.7,2,0.42,18.8,2.1,0.463,2,1.6,0.796,0.6,0.326,2.7,214,6,2.1,0.3,3.4,8.1
Mike Scott,0.1,2.3,7.4,0.53,0.9,7,1.3,0.7,1.2,0.466,15.7,2.1,0.526,0.7,1,0.784,0.3,0.345,2.1,263,4,3,0.8,2.8,6.1
Jared Sullinger,0.6,5.1,11.1,0.477,1.8,171,3,0.5,2.2,0.439,24.9,1.9,0.465,1.3,1.6,0.727,0.7,0.276,3.9,258,8.3,7.7,2.6,4.5,10.2
DeMar DeRozan,0.3,3.2,18.3,0.461,2.6,516,2.3,0.4,5.9,0.444,33.9,1.4,0.458,1.9,4.9,0.825,0.9,0.281,6.1,528,13.3,3.9,0.7,6.5,14.7
Norman Powell,0.2,1.9,5.4,0.457,1,24,1.2,0.7,1.1,0.431,14.4,1.8,0.508,0.6,0.9,0.783,0.6,0.392,1.3,55,2.7,2.2,0.3,1.9,4.5
Cory Joseph,0.2,1.6,6.1,0.49,2.3,47,1.3,0.2,1.6,0.459,17.9,0.8,0.482,0.9,1.2,0.766,0.6,0.294,2.1,291,4.3,2.1,0.5,2.3,5.1
DeMarre Carroll,0.2,2.6,7.9,0.497,1.1,193,2,0.9,1.6,0.45,22.3,2.3,0.516,0.7,1.1,0.72,1,0.367,2.1,349,4.2,3.8,1.2,2.9,6.5
Delon Wright,0.1,1.1,3.8,0.463,1.1,1,0.3,0.2,1.3,0.45,8.5,0.5,0.481,0.6,1,0.743,0.3,0.385,1.1,27,2.5,1.4,0.3,1.3,3
Terrence Ross,0.3,2.2,9.3,0.466,0.9,132,1.8,1.6,0.8,0.42,23.3,4.3,0.517,0.8,0.7,0.798,0.7,0.376,1.9,315,4,2.6,0.4,3.5,8.3
Jonas Valanciunas,1.1,5.6,11.4,0.555,0.7,282,2.9,0,3.3,0.555,26.3,0,0.555,1.5,2.6,0.776,0.3,0,4.4,288,7.9,8.3,2.6,4.4,7.9
Kyle Lowry,0.3,3.2,13.5,0.458,5.7,424,2.7,1.5,4.2,0.418,30.4,4.1,0.487,2.2,3.3,0.797,1.4,0.355,2.9,660,6.4,4,0.8,4.4,10.5
Patrick Patterson,0.6,3.2,8,0.508,1.2,65,1.9,0.8,0.8,0.464,24,2.1,0.519,0.8,0.6,0.747,0.6,0.362,2.5,419,5,4.7,1.5,3.3,7.1
Lucas Nogueira,0.4,1.2,2.4,0.649,0.2,1,1.2,0,0.6,0.633,8.1,0.1,0.642,0.4,0.3,0.524,0.5,0.333,1,37,1.5,1.9,0.7,1,1.6
Jason Terry,0.2,2.1,14.3,0.484,4.1,675,1.9,1.7,2.5,0.444,31,4.4,0.516,1.8,2.1,0.846,1.2,0.379,3.6,1288,7.4,2.4,0.4,5.2,11.8
Malcolm Brogdon,0.1,2.3,7.4,0.429,3,0,1.3,0.4,2.1,0.375,20.9,1.9,0.406,1.1,1.9,0.867,1.6,0.231,2.1,7,5,2.6,0.3,2.6,6.9
Thon Maker,0,1.7,3,1,0,0,0.7,0.7,0.7,0.75,4,1,1,0,0.3,0.5,0,0.667,0.3,3,0.3,2.3,0.7,1,1.3
Matthew Dellavedova,0.1,1.5,5.8,0.4,3.5,38,2.1,1,0.7,0.398,21.3,2.6,0.496,1.1,0.6,0.823,0.5,0.396,1.1,222,2.6,2,0.5,2.1,5.3
Mirza Teletovic,0.3,2.8,8.7,0.47,0.9,13,1.8,1.7,1.1,0.412,18.3,4.6,0.529,0.8,0.8,0.752,0.4,0.377,1.3,251,2.8,3.5,0.7,3.1,7.4
Michael Beasley,0.5,3.7,12.9,0.47,1.3,200,2.2,0.5,2.5,0.453,24.2,1.5,0.475,1.7,1.9,0.758,0.6,0.341,4.7,460,10.1,4.8,1.1,5.2,11.6
Greg Monroe,0.6,6,14.4,0.508,2.3,401,2.4,0,4.2,0.508,30.8,0,0.508,2,2.9,0.704,1.1,0,5.8,464,11.3,9.1,3.1,5.8,11.3
Khris Middleton,0.2,3.2,13.6,0.473,2.7,201,2.6,1.4,2.4,0.449,30.6,3.6,0.514,1.6,2.1,0.873,1.3,0.4,3.6,267,7.6,3.8,0.6,5.1,11.3
Rashad Vaughn,0.3,1.1,3.5,0.333,0.5,6,1.1,0.7,0.2,0.322,14.5,2.3,0.412,0.4,0.2,0.8,0.4,0.314,0.6,76,1.7,1.3,0.1,1.3,4
Jabari Parker,0.3,3.6,13.9,0.503,1.7,104,1.9,0.2,3,0.492,31.2,0.6,0.499,1.6,2.3,0.763,1,0.281,5.6,108,11.1,5.3,1.7,5.7,11.7
Giannis Antetokounmpo,1.1,5.1,12.5,0.515,3,180,2.9,0.3,4.1,0.485,30.6,1.2,0.502,2.1,2.9,0.723,1,0.275,4.3,245,8.3,6.3,1.2,4.6,9.5
John Henson,1.5,3.2,7.8,0.538,1,44,2.2,0,2,0.536,18.8,0,0.536,1.2,1.1,0.547,0.4,0,3.3,263,6.2,5.2,1.9,3.3,6.2
Tony Snell,0.2,2.1,5.3,0.449,0.9,73,1.3,0.9,0.6,0.395,18.8,2.6,0.484,0.7,0.5,0.814,0.4,0.344,1.1,219,2.4,2.4,0.3,2,5
Isaiah Canaan,0.1,1.6,9.3,0.385,1.8,60,1.6,1.9,1.8,0.371,21.4,5.3,0.491,1.1,1.5,0.817,0.6,0.363,1,154,2.7,1.9,0.3,3,8
Denzel Valentine,0.2,0.5,2.2,0,0.2,0,0.5,0.7,0.3,0.364,5.5,1.3,0.545,0.5,0.2,0.5,0,0.5,0,6,0.5,0.7,0.2,0.7,1.8
Dwyane Wade,0.9,3.6,23.6,0.508,5.8,853,2.3,0.5,7.9,0.488,35.7,1.6,0.501,3.4,6,0.768,1.7,0.287,8.1,863,15.9,4.8,1.3,8.5,17.5
Rajon Rondo,0.1,3.7,10.9,0.487,8.7,600,2.3,0.3,2.5,0.466,32.8,1,0.482,2.9,1.5,0.606,1.8,0.287,4.3,653,8.7,4.8,1.1,4.6,9.8
Cristiano Felicio,0.3,2.3,3.3,0.576,0.8,4,1.1,0,1,0.551,10.8,0.1,0.551,0.4,0.7,0.718,0.2,0,1.3,38,2.2,3.3,1,1.3,2.3
Robin Lopez,1.2,2.9,8.5,0.534,0.6,407,2.1,0,2.1,0.533,22.1,0,0.533,1,1.6,0.763,0.3,0,3.4,555,6.4,5.4,2.5,3.4,6.4
Jimmy Butler,0.5,3.1,13.8,0.481,2.6,227,1.4,0.8,4.9,0.446,31.2,2.4,0.485,1.3,4,0.815,1.4,0.332,3.7,331,7.7,4.5,1.4,4.5,10.1
Bobby Portis,0.3,3.3,6.9,0.451,0.8,4,1.6,0.2,1.1,0.436,17.1,0.8,0.455,0.8,0.8,0.712,0.4,0.321,2.7,69,5.9,5.2,2,2.9,6.7
Jerian Grant,0.1,1.6,5.5,0.449,2.3,6,1.2,0.3,1.6,0.389,16.3,1.3,0.417,1.1,1.2,0.786,0.7,0.217,1.7,80,3.8,1.9,0.3,2,5.1
Doug McDermott,0.1,1.7,7.7,0.48,0.6,4,1.3,1,0.9,0.452,18.9,2.5,0.532,0.6,0.8,0.83,0.2,0.408,1.9,124,4,2.1,0.4,2.9,6.5
Michael Carter-Williams,0.6,4.5,14.3,0.442,6.1,170,2.8,0.6,4.3,0.411,32.4,2.2,0.432,3.4,2.9,0.691,1.7,0.256,4.9,193,11,5.6,1.1,5.4,13.2
Nikola Mirotic,0.7,4.4,10.8,0.467,1.3,41,2.1,1.6,3.1,0.404,22.3,4.5,0.498,1.3,2.5,0.805,0.7,0.349,1.8,156,3.8,5.2,0.8,3.4,8.3
Taj Gibson,1.3,4,9.2,0.494,1,182,2.6,0,2.4,0.492,25,0,0.492,1.2,1.6,0.692,0.5,0.045,3.8,515,7.7,6.4,2.4,3.8,7.7
Michael Gbinije,0,0,0.7,0,0.3,0,0.3,0,0.7,0,3.3,0.7,0,0,0.7,1,0,0,0,3,0.3,0,0,0,1
Andre Drummond,1.6,7.9,13.2,0.552,0.6,262,3.1,0,4.8,0.551,29.7,0,0.552,1.5,1.8,0.384,1.2,0.25,5.7,312,10.3,12.6,4.7,5.7,10.3
Ish Smith,0.2,1.7,5.9,0.416,3.4,83,1,0.3,1,0.397,16.6,0.9,0.419,1.3,0.6,0.649,0.7,0.291,2.2,331,5.3,2.1,0.4,2.5,6.2
Jon Leuer,0.3,2.7,5.8,0.501,0.7,45,1.5,0.3,1,0.48,14.1,0.8,0.512,0.6,0.7,0.724,0.4,0.376,2.1,261,4.1,3.6,0.9,2.4,5
Darrun Hilliard,0,1,3.8,0.402,0.8,2,0.7,0.5,1.1,0.388,9.8,1.3,0.459,0.5,0.8,0.727,0.2,0.365,0.8,41,2,1.1,0.1,1.3,3.3
Reggie Jackson,0.1,2.6,11.9,0.477,4.2,155,1.7,0.9,2.3,0.433,24.1,2.8,0.475,1.9,2,0.859,0.7,0.314,3.6,351,7.6,3.2,0.5,4.5,10.4
Tobias Harris,0.5,4.6,13.3,0.506,1.5,224,2,0.8,3.1,0.466,28.3,2.5,0.503,1.3,2.5,0.803,0.7,0.328,4.2,310,8.3,5.8,1.2,5,10.8
Aron Baynes,0.4,2.6,5.3,0.517,0.6,22,1.9,0,1.4,0.514,13.6,0,0.515,0.8,1.1,0.797,0.2,0.143,2.1,228,4.1,4,1.4,2.1,4.1
Stanley Johnson,0.2,3.3,7.8,0.411,1.6,6,2.3,0.8,1.4,0.376,22.6,2.7,0.429,1.5,1,0.773,0.7,0.309,2.1,81,5.1,4,0.8,2.9,7.8
Marcus Morris,0.2,3.2,10.3,0.475,1.5,147,2,1.2,2,0.432,24.9,3.4,0.501,1.2,1.4,0.704,0.7,0.362,2.6,345,5.5,4.2,1,3.8,8.8
Reggie Bullock,0.1,1.3,2.6,0.436,0.4,2,0.6,0.5,0.3,0.381,10,1.5,0.483,0.3,0.2,0.818,0.3,0.343,0.4,116,1,1.5,0.2,0.9,2.5
Kentavious Caldwell-Pope,0.2,2.3,11.1,0.463,1.3,207,2,1.4,1.9,0.407,29.3,4.2,0.476,1,1.5,0.769,1.2,0.329,2.7,246,5.9,2.9,0.7,4.1,10.1
Aaron Brooks,0.1,1.4,10.7,0.443,3.3,182,2,1.4,1.9,0.413,22.5,3.7,0.488,1.7,1.6,0.84,0.6,0.37,2.5,553,5.5,1.8,0.4,3.8,9.3
Al Jefferson,1.3,6.5,16.6,0.5,1.5,649,2.6,0,3.3,0.498,30.5,0.1,0.499,1.4,2.3,0.707,0.7,0.127,7.1,821,14.2,8.9,2.4,7.1,14.3
Joe Young,0,1.1,3.9,0.43,1.5,0,0.7,0.3,0.7,0.381,9.4,1.1,0.415,0.7,0.5,0.75,0.3,0.25,1.3,47,3,1.2,0.1,1.6,4.1
Glenn Robinson III,0.1,1,3.1,0.449,0.5,5,0.4,0.2,0.8,0.417,9.7,0.7,0.461,0.4,0.5,0.662,0.3,0.328,0.9,87,2,1.3,0.4,1.2,2.8
Rodney Stuckey,0.2,2.3,12.9,0.443,3.7,302,2.1,0.4,4,0.425,28,1.4,0.444,1.8,3.3,0.826,0.9,0.299,4.2,614,9.4,3,0.7,4.6,10.8
Lavoy Allen,0.6,3.1,5,0.475,1,82,1.9,0,0.7,0.472,18.3,0,0.472,0.7,0.5,0.675,0.3,0.133,2.3,335,4.8,4.9,1.8,2.3,4.8
Monta Ellis,0.3,2.9,18.6,0.482,4.8,688,2.4,0.9,4.4,0.451,35.6,2.9,0.48,2.8,3.4,0.774,1.7,0.314,6.3,767,13,3.5,0.7,7.2,15.9
Thaddeus Young,0.4,3.9,13.9,0.517,1.5,443,2.2,0.4,2.3,0.498,30.6,1.2,0.514,1.5,1.6,0.687,1.4,0.32,5.6,673,10.7,5.9,2,5.9,11.9
Myles Turner,1.6,4.5,11,0.519,0.7,38,2.7,0.1,2.3,0.507,23.4,0.4,0.512,1.1,1.7,0.742,0.5,0.24,4.5,68,8.7,5.7,1.2,4.6,9.1
Jeff Teague,0.3,1.9,12.2,0.475,5.2,391,1.8,0.8,3,0.446,26.2,2.3,0.487,2.2,2.5,0.837,1.2,0.352,3.6,526,7.6,2.2,0.3,4.4,9.9
Paul George,0.4,5.3,17,0.463,3.1,333,2.6,1.9,4.2,0.426,32.2,5.2,0.496,2.5,3.5,0.839,1.7,0.366,3.9,381,8.5,6.2,0.9,5.8,13.6
C.J. Miles,0.3,1.9,9.8,0.467,1.2,270,2.2,1.3,1.7,0.417,20.6,3.7,0.496,1,1.4,0.799,0.8,0.355,2.2,647,4.7,2.4,0.5,3.5,8.5
Gerald Green,0.3,2,9.9,0.464,1,116,1.9,1.3,1.7,0.42,20.2,3.6,0.496,1.2,1.4,0.815,0.5,0.361,2.3,504,5,2.5,0.5,3.6,8.6
Demetrius Jackson,0,0.5,5,0.667,1,0,0,0.5,3,0.75,7.5,0.5,0.875,0,1.5,0.5,0,1,1,2,1.5,1.5,1,1.5,2
Jaylen Brown,0.6,1.3,7.6,0.515,1.1,3,2.4,0.6,1.4,0.467,19,1.7,0.511,0.9,1,0.7,0.9,0.333,2.4,7,4.7,2.3,1,3,6.4
Al Horford,1.2,6.5,14.3,0.545,2.8,577,2.4,0.2,2.5,0.535,33.4,0.6,0.543,1.6,1.9,0.743,0.8,0.338,5.9,581,10.9,8.9,2.4,6.1,11.5
Amir Johnson,1.1,3.6,7.6,0.588,1.1,391,3.1,0.1,1.6,0.574,22.6,0.3,0.583,1.1,1.1,0.673,0.6,0.328,3.1,672,5.3,5.8,2.1,3.2,5.6
Jonas Jerebko,0.3,2.8,6.6,0.497,0.8,88,2,0.5,1.4,0.457,18.8,1.5,0.506,0.8,1.1,0.767,0.6,0.353,2,417,3.9,4.2,1.4,2.5,5.5
Jae Crowder,0.3,2.7,7.8,0.512,1.2,118,1.8,1,1.6,0.428,21.2,3,0.502,0.7,1.3,0.776,1,0.327,1.8,315,3.6,3.4,0.7,2.8,6.5
Terry Rozier,0,1.2,2.4,0.32,1.1,0,0.7,0.3,0.3,0.308,9.6,0.9,0.35,0.5,0.2,0.643,0.2,0.279,0.7,46,2.2,1.8,0.5,1,3.1
James Young,0,0.9,2.1,0.49,0.4,0,0.6,0.4,0.5,0.333,8.5,1.4,0.415,0.2,0.3,0.515,0.2,0.25,0.4,64,0.8,1.1,0.2,0.7,2.2
Marcus Smart,0.3,2.7,8.6,0.422,3.1,48,2.8,1.2,2.3,0.36,27.3,4.1,0.436,1.4,1.6,0.711,1.5,0.299,1.7,132,3.9,3.7,1.1,2.9,8
Isaiah Thomas,0.1,2,17.3,0.483,5.1,240,2.2,1.7,4.9,0.438,29.3,4.7,0.504,2.3,4.3,0.863,1,0.36,3.9,372,8.2,2.6,0.6,5.6,12.9
Kelly Olynyk,0.5,3.2,9.6,0.507,1.6,30,3,0.9,1.9,0.464,20.8,2.5,0.523,1.4,1.4,0.746,0.7,0.371,2.7,204,5.3,4.7,1.5,3.6,7.8
Avery Bradley,0.2,2.1,11.6,0.473,1.7,292,2.1,1.2,1.3,0.44,27.5,3.3,0.495,1.3,1,0.777,1,0.363,3.5,365,7.5,2.7,0.6,4.7,10.7
Sasha Vujacic,0.1,1.6,5.5,0.42,1.3,54,1.6,0.9,0.8,0.393,15.7,2.5,0.491,0.6,0.7,0.864,0.6,0.369,1,544,2.3,1.9,0.4,1.9,4.8
Brandon Jennings,0.2,2.5,15.4,0.413,5.9,416,1.9,1.8,3.4,0.39,32.1,5.1,0.453,2.3,2.7,0.798,1.3,0.349,3.7,467,8.9,3.1,0.6,5.5,14
Lance Thomas,0.1,1.7,5.5,0.44,0.7,61,1.6,0.2,1.5,0.434,18.2,0.6,0.458,0.8,1.2,0.79,0.4,0.39,1.8,233,4.1,2.5,0.8,2,4.7
Courtney Lee,0.3,2.2,9.6,0.483,1.6,367,1.7,1,1.5,0.451,27.4,2.7,0.514,1,1.2,0.846,1,0.384,2.7,607,5.5,2.6,0.4,3.7,8.2
Joakim Noah,1.4,6.1,9.2,0.492,3,472,2.9,0,3.1,0.49,29.4,0,0.49,1.8,2.2,0.709,0.8,0,3.5,579,7.2,9.4,3.3,3.5,7.2
Mindaugas Kuzminskas,0,0.5,5.8,0.5,0.3,0,1,1,1,0.471,10,2.3,0.588,0,0.8,0.75,0.8,0.444,1,4,2,1.5,1,2,4.3
Justin Holiday,0.3,1.3,4.4,0.42,1,9,1,0.6,0.7,0.38,13.1,1.9,0.454,0.6,0.6,0.777,0.6,0.331,1,128,2.3,1.5,0.2,1.6,4.2
Kyle O'Quinn,0.8,3,5.2,0.512,1.1,42,2,0.1,1,0.495,14,0.3,0.502,0.9,0.7,0.721,0.4,0.239,2.1,249,4.1,4.2,1.2,2.2,4.4
Kristaps Porzingis,1.8,5.4,14.7,0.459,1.3,79,2.9,1.2,3.5,0.428,28.7,3.6,0.478,1.6,2.9,0.822,0.7,0.349,4.1,79,8.8,7.3,1.8,5.3,12.4
Carmelo Anthony,0.5,4.8,24.9,0.476,3.1,909,2.9,1.1,7.4,0.453,36.3,3.3,0.482,2.8,6,0.812,1.1,0.343,7.7,909,16.3,6.6,1.9,8.9,19.6
Derrick Rose,0.4,2.8,19.6,0.477,6.2,412,1.4,0.9,4.3,0.448,34.9,2.8,0.473,2.9,3.5,0.813,0.8,0.303,6.8,413,14.2,3.7,0.9,7.6,17
Anthony Bennett,0.2,2.2,4.3,0.414,0.5,3,1.4,0.2,1.1,0.387,12.7,0.8,0.41,0.7,0.7,0.66,0.4,0.262,1.5,132,3.5,3,0.8,1.7,4.3
Randy Foye,0.3,1.9,10.8,0.429,2.9,393,2.2,1.5,2,0.402,26.3,4.1,0.483,1.5,1.7,0.851,0.7,0.368,2.3,685,5.3,2.2,0.3,3.8,9.4
Justin Hamilton,0.6,1.9,5.7,0.525,0.8,15,1.6,0.5,1,0.484,17.1,1.3,0.539,0.6,0.8,0.839,0.7,0.384,1.7,57,3.2,3.2,1.3,2.2,4.5
Greivis Vasquez,0.1,2.2,9,0.456,4.8,157,1.9,1,1.3,0.418,23.7,2.9,0.48,1.9,1.1,0.817,0.6,0.349,2.4,401,5.3,2.5,0.3,3.4,8.2
Luis Scola,0.3,5,12.2,0.499,1.6,504,2.8,0.1,2.7,0.494,26.1,0.3,0.499,1.5,2,0.741,0.7,0.332,5,715,9.9,6.8,1.8,5.1,10.3
Isaiah Whitehead,0.3,2.2,4.7,0.458,3,2,2.8,0.2,0.7,0.387,17,1.2,0.403,2.8,0.5,0.75,0.5,0.143,1.8,6,4,3,0.8,2,5.2
Trevor Booker,0.6,3.3,6.5,0.53,0.9,120,2,0.1,1.5,0.514,20.4,0.4,0.524,0.9,1,0.622,0.7,0.292,2.6,401,5,5.3,1.9,2.7,5.3
Jeremy Lin,0.4,2.3,11.7,0.467,4.4,188,2.2,0.9,3.6,0.432,26.8,2.6,0.482,2.4,2.9,0.802,1.2,0.345,3.1,374,6.6,2.8,0.4,4,9.2
Sean Kilpatrick,0.1,1.9,11.4,0.518,1.2,1,1.3,1.3,2.5,0.445,21,3.8,0.518,1.3,2.2,0.881,0.5,0.346,2.6,43,5.1,2.2,0.3,3.9,8.8
Brook Lopez,1.7,4.6,18.3,0.514,1.4,459,2.8,0,5,0.511,32.5,0.1,0.512,2,3.9,0.791,0.6,0.219,7.1,494,13.9,7.4,2.8,7.2,14
Chris McCullough,0.4,1.7,4.2,0.4,0.3,4,1.5,0.5,0.9,0.391,14,1.3,0.448,0.6,0.4,0.478,1,0.371,1.2,27,3,2.7,1.1,1.7,4.3
Rondae Hollis-Jefferson,0.5,3.9,5.7,0.453,1.8,25,2.2,0.2,1.9,0.431,22.3,0.6,0.451,1.1,1.4,0.757,1.3,0.292,1.8,37,4.1,5.1,1.2,2,4.7
Bojan Bogdanovic,0.1,2.4,10.3,0.498,1.1,75,1.4,1.4,1.6,0.439,25.4,3.9,0.522,1.2,1.3,0.84,0.4,0.367,2.3,165,4.7,3,0.6,3.8,8.6
Evan Fournier,0,2.1,11.1,0.49,2,119,2.3,1.4,2.2,0.447,24.8,3.7,0.527,1.4,1.7,0.785,0.8,0.386,2.6,259,5.2,2.5,0.4,4,8.9
D.J. Augustin,0,1.5,9.7,0.425,4,170,1.5,1.2,2.5,0.404,24.1,3.3,0.482,1.5,2.2,0.868,0.6,0.373,2,581,4.6,1.8,0.3,3.2,7.9
Jeff Green,0.6,3.8,13.9,0.472,1.7,473,2.3,1,3.4,0.438,31.9,3,0.482,1.7,2.6,0.786,0.8,0.339,4.1,644,8.7,4.9,1,5.1,11.7
Bismack Biyombo,1.6,4.4,4.6,0.505,0.3,158,2.3,0,2.1,0.504,21.2,0,0.504,0.9,1.2,0.556,0.2,0,1.7,373,3.4,6.5,2.1,1.7,3.4
Nikola Vucevic,0.9,6.9,14.5,0.513,1.9,291,2.7,0,2.1,0.511,30,0.1,0.512,1.7,1.5,0.722,0.8,0.296,6.5,332,12.6,9.8,3,6.5,12.7
C.J. Watson,0.1,1.6,7.5,0.442,2.5,95,1.5,0.8,1.8,0.421,20.5,2.1,0.486,1.1,1.4,0.808,1,0.38,1.8,544,4.1,2,0.4,2.6,6.2
Mario Hezonja,0.2,1.9,6.1,0.496,1.3,9,1.5,0.8,0.7,0.421,17.8,2.5,0.496,1.2,0.6,0.885,0.5,0.33,1.5,87,3,2.2,0.3,2.3,5.5
Elfrid Payton,0.3,2.7,9.8,0.446,6.5,140,2.2,0.3,2.6,0.43,29.9,1,0.444,2.4,1.5,0.574,1.4,0.288,3.8,163,8.4,3.9,1.2,4,9.4
Aaron Gordon,0.6,3.8,7.9,0.516,1.4,53,1.9,0.5,2.1,0.461,21.8,1.6,0.497,0.9,1.4,0.682,0.7,0.293,2.5,133,4.9,5.4,1.6,3,6.5
C.J. Wilcox,0.1,0.4,2.4,0.413,0.4,0,0.5,0.4,0.3,0.393,6.2,1,0.473,0.3,0.3,0.813,0.3,0.367,0.5,49,1.3,0.4,0,0.9,2.3
Serge Ibaka,2.5,5,11.6,0.542,0.6,421,2.8,0.4,1.9,0.522,28.8,1,0.541,1.3,1.4,0.746,0.4,0.357,4.5,532,8.4,7.4,2.4,4.9,9.4
Jodie Meeks,0.1,1.9,9.9,0.475,1.1,194,1.3,1.5,1.9,0.422,24.3,4.1,0.519,0.8,1.7,0.882,0.8,0.373,1.8,418,3.8,2.2,0.3,3.3,7.8
Rodney McGruder,0.2,0.8,3.5,0.25,0.5,0,1.3,0.7,1.2,0.353,14,1.5,0.471,0.2,0.8,0.714,0.3,0.444,0.3,6,1.3,1.5,0.7,1,2.8
James Johnson,0.9,2.3,6.5,0.516,1.5,140,2.1,0.3,1.5,0.474,18.3,0.9,0.496,1.2,1,0.694,0.7,0.266,2.4,404,4.6,3.2,0.9,2.6,5.5
Udonis Haslem,0.3,5,7.9,0.494,0.9,498,2.5,0,2,0.491,26.1,0,0.492,1,1.5,0.757,0.5,0.094,3.2,815,6.5,7,2,3.2,6.5
Derrick Williams,0.3,3.3,9.3,0.481,0.7,101,1.3,0.6,3.1,0.433,21.4,2,0.472,1,2.2,0.715,0.5,0.299,2.6,377,5.5,4.1,0.9,3.2,7.5
Wayne Ellington,0.1,1.8,7.1,0.435,1.1,112,1.1,1,0.8,0.411,19.6,2.7,0.487,0.7,0.7,0.848,0.5,0.376,1.7,453,3.9,2.1,0.3,2.7,6.6
Tyler Johnson,0.4,2.3,8,0.497,1.8,7,1.7,0.7,1.7,0.466,22.2,1.8,0.522,1.1,1.3,0.772,0.9,0.39,2.3,74,4.5,2.9,0.6,3,6.4
Josh Richardson,0.5,1.6,6.4,0.442,1.4,2,2.1,1,1.2,0.444,21.2,2.2,0.539,0.7,0.8,0.667,0.7,0.446,1.3,54,3,2.1,0.4,2.3,5.3
Luke Babbitt,0.1,2,4.8,0.411,0.6,44,1.3,1,0.5,0.404,13.7,2.4,0.518,0.5,0.4,0.75,0.2,0.399,0.8,269,1.8,2.3,0.4,1.7,4.2
Goran Dragic,0.2,2.1,12.5,0.517,4.7,344,2.3,1,2.9,0.471,26.9,2.9,0.523,2.2,2.2,0.749,1,0.358,3.6,580,7,2.8,0.7,4.6,9.9
Justise Winslow,0.3,4.1,6.8,0.452,1.7,14,2.4,0.4,1.6,0.404,29.2,1.6,0.436,1.3,1.1,0.692,0.9,0.257,2.2,84,5,5.1,1.1,2.7,6.6
Josh McRoberts,0.5,2.9,5.4,0.525,2.1,165,1.9,0.4,1,0.47,19.3,1.3,0.519,0.9,0.7,0.706,0.5,0.336,1.7,409,3.2,3.9,1.1,2.1,4.5
Chris Bosh,1,6.3,19.2,0.506,2,881,2.4,0.3,6.3,0.494,35.8,1,0.506,2,5,0.799,0.8,0.335,6.6,893,13.1,8.5,2.2,7,14.1
Marcus Thornton,0.1,2,12.2,0.472,1.4,134,1.5,1.6,2,0.425,23.8,4.4,0.499,1,1.6,0.83,0.9,0.358,2.9,457,6.2,2.8,0.9,4.5,10.6
Bradley Beal,0.3,2.9,16,0.439,3,220,2.1,1.8,2.8,0.424,32.7,4.5,0.487,1.8,2.2,0.783,1,0.394,4.2,254,9.6,3.7,0.8,6,14.1
Tomas Satoransky,0,1.3,3.1,0.55,1.9,1,1.3,0,0.1,0.423,16.3,0.9,0.423,0.7,0,0,0.4,0,1.6,7,2.9,1.9,0.6,1.6,3.7
Jason Smith,0.7,2.4,6.4,0.473,0.8,98,2.2,0.1,1.2,0.466,17.3,0.2,0.472,0.9,1,0.785,0.4,0.293,2.6,495,5.6,3.5,1.1,2.7,5.8
Andrew Nicholson,0.4,2.5,6.4,0.501,0.5,36,1.6,0.3,1,0.472,15.1,1,0.501,0.8,0.8,0.77,0.2,0.332,2.4,253,4.7,3.2,0.7,2.7,5.7
Ian Mahinmi,0.7,2.9,5.1,0.538,0.5,92,2.6,0,2.1,0.536,16.8,0,0.536,0.9,1.3,0.597,0.5,0,1.9,438,3.6,4.3,1.4,1.9,3.6
Kelly Oubre Jr.,0.1,1.6,3.8,0.479,0.2,9,1.6,0.4,0.8,0.421,10.9,1.3,0.483,0.5,0.5,0.643,0.3,0.326,1,69,2.1,2,0.4,1.4,3.4
Otto Porter,0.3,2.7,7.8,0.524,1.1,93,1.6,0.7,1.2,0.467,22.1,2.1,0.523,0.7,0.9,0.751,0.9,0.348,2.4,193,4.5,3.8,1.1,3.1,6.6
John Wall,0.6,3.9,18.1,0.451,9,416,2.3,0.8,5.2,0.43,36,2.5,0.456,3.8,4.1,0.79,1.7,0.319,5.8,428,12.8,4.5,0.6,6.6,15.3
Markieff Morris,0.6,4.1,11.5,0.47,1.7,173,2.8,0.6,2.5,0.443,25.5,1.9,0.474,1.7,1.9,0.76,0.9,0.326,3.9,379,8.2,5.4,1.4,4.5,10.1
Marcin Gortat,1.2,5.8,10.3,0.553,1,387,2.2,0,2.2,0.552,25.8,0,0.552,1.2,1.5,0.685,0.5,0.167,4.4,602,7.9,7.9,2.2,4.4,8
Trey Burke,0.1,2,11.9,0.419,4,111,1.6,1.5,1.6,0.385,27.7,4.6,0.449,1.6,1.3,0.812,0.7,0.33,3,217,7.3,2.4,0.4,4.5,11.8
Dario Saric,0.3,5.3,9.4,0.353,1.9,7,2.4,1.1,1.3,0.382,27,2.4,0.441,1.9,0.9,0.667,0.3,0.471,2.6,7,7.3,6,0.7,3.7,9.7
Sergio Rodriguez,0,1,4.4,0.465,3,29,1.2,0.4,0.8,0.414,13.6,1.3,0.463,1.3,0.6,0.749,0.6,0.307,1.3,292,2.8,1.4,0.4,1.7,4.1
Timothe Luwawu-Cabarrot,0,0.4,0.4,0.333,0.2,0,0.2,0,0.4,0.25,4,0.2,0.25,0.2,0,0,0.2,0,0.2,5,0.6,0.4,0,0.2,0.8
Gerald Henderson,0.4,2.7,11.5,0.461,1.9,299,1.7,0.4,3,0.443,26.3,1.3,0.464,1.2,2.4,0.791,0.7,0.321,3.9,470,8.5,3.3,0.6,4.4,9.8
T.J. McConnell,0.1,2.5,5.9,0.503,4.6,17,1.5,0.4,0.5,0.467,19.8,1.1,0.498,1.7,0.3,0.63,1.2,0.32,2.3,88,4.5,3,0.5,2.6,5.6
Richaun Holmes,0.8,1.7,5.8,0.605,0.7,2,1.9,0.2,1.4,0.532,14.1,0.8,0.554,0.7,1,0.671,0.4,0.229,2.1,57,3.5,2.8,1.2,2.3,4.4
Jahlil Okafor,1.2,4.6,16.9,0.511,1.2,49,2.6,0,3.6,0.508,29.1,0.1,0.509,2.2,2.4,0.675,0.4,0.167,7.2,59,14.2,6.7,2.2,7.3,14.3
Robert Covington,0.5,4.2,12.4,0.436,1.4,105,2.9,2.3,2.7,0.388,27.1,6.5,0.503,1.9,2.1,0.806,1.4,0.36,1.6,151,3.7,5.1,0.9,4,10.2
Joel Embiid,2.6,5,17.6,0.449,1.2,5,3.4,1.2,6.8,0.483,21.4,1.8,0.534,4.4,5.2,0.765,0.6,0.667,4.4,5,9.8,6.8,1.8,5.6,11.6
Nik Stauskas,0.2,1.7,6.4,0.45,1.4,36,1.4,1,1.2,0.38,20.2,3.2,0.471,0.9,1,0.81,0.4,0.325,1.1,153,2.5,1.9,0.2,2.2,5.7
Hollis Thompson,0.3,2.4,8.2,0.448,1.1,81,2.1,1.5,1.1,0.419,25.1,3.7,0.522,0.9,0.8,0.712,0.6,0.392,1.5,232,3.3,3.2,0.8,3,7.1
Nerlens Noel,1.7,5.7,10.5,0.49,1.8,133,2.8,0,3.2,0.49,30.1,0,0.491,2.1,1.9,0.6,1.8,0.5,4.3,142,8.7,8.1,2.4,4.3,8.7
Ersan Ilyasova,0.4,4,10.6,0.474,1.1,313,2.5,1,2,0.443,24.1,2.7,0.498,1,1.6,0.769,0.7,0.37,3,534,6.4,5.9,1.9,4,9.1
Brandon Bass,0.7,3.1,8.9,0.5,0.8,283,1.9,0,2.3,0.496,22.3,0.1,0.498,1,1.9,0.83,0.4,0.214,3.4,710,6.9,4.7,1.5,3.5,7
Raymond Felton,0.2,2.5,12.3,0.443,6,646,2.1,1,2.6,0.412,32.6,3,0.456,2.4,2.1,0.788,1.3,0.328,3.6,784,8.2,3.2,0.6,4.6,11.2
Marreese Speights,0.5,2.7,7.9,0.473,0.6,73,2.2,0.1,1.9,0.466,15.2,0.3,0.473,0.9,1.5,0.792,0.3,0.308,3.1,579,6.5,4.2,1.5,3.2,6.8
Jamal Crawford,0.2,2,15.5,0.448,3.5,432,1.6,1.8,3.5,0.41,30.8,5,0.477,1.9,3,0.862,1,0.348,3.6,1108,8.1,2.4,0.4,5.4,13.1
Luc Mbah a Moute,0.4,2.8,6.3,0.463,0.9,370,1.9,0.2,1.9,0.445,23.3,0.6,0.462,1,1.2,0.654,0.8,0.303,2.2,549,4.8,4.5,1.6,2.4,5.4
Wesley Johnson,0.7,2.8,8.1,0.458,1.2,278,2,1.2,0.9,0.408,24.6,3.4,0.483,1,0.7,0.748,0.8,0.344,2,437,4.3,3.4,0.6,3.1,7.7
Austin Rivers,0.2,1.6,7.5,0.439,2,42,2,0.6,1.9,0.409,21.3,1.9,0.452,1,1.2,0.637,0.6,0.326,2.2,281,5.1,1.9,0.3,2.8,6.9
DeAndre Jordan,1.8,6.6,8.7,0.669,0.6,488,2.7,0,3.9,0.668,27.1,0,0.668,1.2,1.6,0.42,0.6,0.111,3.5,600,5.2,9.7,3.1,3.5,5.3
Paul Pierce,0.6,4.8,20,0.478,3.6,1278,2.7,1.6,6.5,0.445,34.6,4.4,0.5,2.7,5.2,0.807,1.3,0.369,4.9,1318,10.3,5.7,0.8,6.6,14.7
Chris Paul,0.1,3.7,18.8,0.503,9.9,781,2.5,1.1,5.1,0.473,35.8,3.1,0.513,2.4,4.4,0.864,2.3,0.366,5.5,781,10.9,4.4,0.7,6.6,14
J.J. Redick,0.1,1.7,11.5,0.482,1.9,249,1.5,1.7,2.3,0.448,24.5,4.2,0.549,1,2,0.888,0.4,0.412,2.1,620,4.4,1.9,0.2,3.9,8.6
Blake Griffin,0.6,7,21.4,0.527,4,418,3.1,0.1,7,0.52,35.3,0.4,0.524,2.5,4.7,0.662,1,0.265,8.2,418,15.6,9.6,2.5,8.3,16
Ian Clark,0.2,0.7,3.2,0.478,0.8,1,0.9,0.4,0.4,0.418,8.3,1.3,0.495,0.6,0.4,0.839,0.3,0.344,0.8,127,1.6,0.9,0.2,1.2,2.9
James Michael McAdoo,0.3,0.9,3.1,0.534,0.3,1,1,0,1.3,0.53,7.1,0.1,0.534,0.4,0.7,0.539,0.3,0.333,1.2,60,2.2,1.6,0.8,1.2,2.2
Anderson Varejao,0.7,4.9,7.4,0.517,1.2,208,2.6,0,2.4,0.511,24.3,0.1,0.511,1,1.5,0.63,0.9,0.024,2.9,615,5.7,7.3,2.4,2.9,5.7
Zaza Pachulia,0.3,3.7,7.1,0.464,1.2,394,2.6,0,2.9,0.462,21.4,0,0.462,1.4,2.2,0.746,0.7,0,2.5,899,5.3,6,2.3,2.5,5.4
David West,0.8,5,14.7,0.496,2.2,742,2.4,0.1,3.3,0.492,30.4,0.2,0.494,1.7,2.7,0.819,0.8,0.255,5.9,901,11.9,6.8,1.9,6,12.1
Kevin Durant,1,6.3,27.4,0.519,3.7,649,1.9,1.8,8.1,0.485,37.7,4.7,0.531,3.2,7.2,0.882,1.2,0.381,7.4,649,14.4,7.1,0.8,9.2,19.1
Draymond Green,1,5.3,8.7,0.492,3.5,181,2.8,0.9,2.2,0.439,25.6,2.6,0.499,1.7,1.5,0.69,1.2,0.341,2.3,329,4.6,6.6,1.2,3.2,7.2
Kevon Looney,0.2,1.3,3,0.714,0.4,0,1.1,0.1,0.8,0.696,6.6,0.2,0.717,0.3,0.5,0.6,0.1,0.5,1.2,13,1.6,2.2,0.8,1.2,1.8
Shaun Livingston,0.4,1.9,6.7,0.484,3.3,181,1.9,0,1.6,0.479,22,0.1,0.48,1.4,1.3,0.796,0.8,0.188,2.7,630,5.6,2.5,0.6,2.7,5.7
Andre Iguodala,0.5,4.4,13.4,0.509,4.6,759,1.9,0.9,4,0.462,35.3,2.8,0.507,2.1,2.9,0.715,1.6,0.333,3.8,908,7.5,5.3,1,4.8,10.4
Klay Thompson,0.5,2.9,18.4,0.474,2.3,357,2.3,2.7,2.3,0.449,32.5,6.6,0.539,1.8,2,0.853,0.9,0.416,4.1,394,8.7,3.3,0.4,6.8,15.2
Stephen Curry,0.2,3.6,22.5,0.504,6.8,497,2.5,3.2,3.7,0.477,34.8,7.3,0.575,3.2,3.4,0.901,1.8,0.444,4.7,503,9.3,4.3,0.7,7.9,16.6
Domantas Sabonis,0.4,3.8,7.5,0.457,1.8,8,3.1,1.1,0.3,0.455,20.8,2.5,0.536,0.5,0.1,0.5,0.5,0.45,2,8,4.4,4,0.3,3.1,6.9
Alex Abrines,0,0.9,4,0.4,0.4,0,0.9,0.9,0.9,0.364,11.7,2.4,0.5,1,0.9,1,0.4,0.353,0.3,7,0.7,1.1,0.3,1.1,3.1
Josh Huestis,0.4,1.6,2.8,0.167,0,0,0.6,0.8,0.8,0.417,11,1.2,0.583,0.6,0,0,0.2,0.667,0.2,5,1.2,2,0.4,1,2.4
Enes Kanter,0.4,4.1,10.7,0.531,0.5,114,2.1,0.1,2.4,0.527,21.2,0.2,0.531,1.5,1.9,0.762,0.4,0.375,4.3,381,8.2,6.7,2.6,4.4,8.4
Kyle Singler,0.3,2.1,7,0.455,0.8,170,2.2,0.9,1.3,0.418,23.4,2.5,0.494,0.8,1,0.794,0.6,0.366,1.6,319,3.6,3.1,1,2.5,6.1
Cameron Payne,0.1,1.3,5,0.467,1.9,1,1.4,0.6,0.4,0.41,12.2,1.9,0.475,0.8,0.3,0.792,0.6,0.324,1.4,57,2.9,1.5,0.2,2,4.9
Joffrey Lauvergne,0.3,3.1,6.5,0.535,0.8,16,1.9,0.2,1.1,0.487,15.7,0.9,0.505,0.9,0.9,0.812,0.3,0.231,2.5,90,4.7,4.3,1.3,2.7,5.5
Jerami Grant,1.4,2.9,8.1,0.446,1.4,63,2.5,0.6,3.6,0.394,24,2.1,0.438,1.4,2.2,0.626,0.6,0.279,2,149,4.6,3.9,1,2.6,6.7
Anthony Morrow,0.1,1.7,9.8,0.47,0.9,135,1.6,1.5,1.3,0.45,22.4,3.5,0.542,0.7,1.1,0.878,0.6,0.423,2.1,519,4.5,2.3,0.6,3.6,8
Victor Oladipo,0.5,3.7,15.9,0.461,4,175,2.5,1.2,3.9,0.431,33.2,3.4,0.474,2.7,3.2,0.805,1.6,0.342,4.6,232,9.9,4.3,0.6,5.8,13.4
Steven Adams,1,3.6,6.4,0.565,0.7,175,2.8,0,2.3,0.564,21.9,0,0.564,1.1,1.3,0.565,0.6,0,2.5,239,4.5,6.1,2.4,2.5,4.5
Nick Collison,0.5,3.3,6,0.54,1.1,177,2.8,0,1.4,0.532,21,0.1,0.535,1,1,0.727,0.5,0.21,2.5,876,4.6,5.3,2,2.5,4.7
Russell Westbrook,0.3,4,21.6,0.461,7.6,578,2.4,0.9,6.9,0.435,34,2.9,0.46,3.7,5.6,0.817,1.7,0.303,6.7,595,14.5,5.6,1.7,7.6,17.4
Andre Roberson,0.5,2.5,3.7,0.59,0.8,159,2,0.3,0.7,0.476,18.7,1.2,0.527,0.6,0.4,0.54,0.7,0.277,1.2,185,2,3.4,1,1.5,3.2
Bobby Brown,0,0.6,4.9,0.424,1.8,2,1.2,0.6,0.5,0.38,12.5,2,0.439,0.9,0.4,0.81,0.3,0.309,1.4,117,3.2,0.8,0.2,2,5.2
Nene,0.8,4.6,12.2,0.546,2,612,3.2,0,4.4,0.544,28.2,0,0.544,1.9,2.9,0.665,1.2,0.125,4.6,811,8.5,6.5,1.9,4.6,8.5
Eric Gordon,0.3,2.1,16.6,0.467,3.3,404,2,1.9,4.2,0.435,33.9,4.9,0.507,2.2,3.4,0.815,1.1,0.382,3.8,425,8.1,2.5,0.5,5.6,13
Ryan Anderson,0.4,3.5,13.1,0.468,0.9,167,2,2,2.3,0.423,26.1,5.4,0.518,1,2,0.861,0.6,0.379,2.5,492,5.4,5.6,2.1,4.6,10.8
Montrezl Harrell,0.3,1.1,3.9,0.673,0.5,1,1.3,0,1.1,0.667,10,0,0.667,0.5,0.6,0.531,0.3,0,1.6,43,2.4,1.9,0.8,1.6,2.4
K.J. McDaniels,0.8,1.6,5.8,0.472,0.8,16,1.6,0.5,1.6,0.408,16,1.8,0.458,1.2,1.2,0.766,0.5,0.289,1.6,107,3.3,2.4,0.8,2.1,5.1
Corey Brewer,0.3,2.2,9.8,0.475,1.7,280,2.3,0.7,2.4,0.423,24.9,2.4,0.462,1.3,1.7,0.711,1.3,0.286,3,637,6.3,3,0.8,3.7,8.7
Patrick Beverley,0.4,2.4,9.2,0.459,3.1,173,3,1.6,1.3,0.412,27.8,4.4,0.514,1.3,1,0.763,1.2,0.373,1.7,224,3.6,3.5,1.1,3.3,8
Sam Dekker,0.2,2.4,4,0.524,0.6,0,0.9,0.6,0.2,0.474,11.7,1.5,0.566,0.5,0.1,0.5,0.5,0.412,1,11,1.9,2.9,0.5,1.6,3.5
Clint Capela,1.2,3.8,6.7,0.583,0.5,43,2.3,0,2.6,0.581,18,0,0.581,0.8,0.9,0.351,0.7,0,2.9,97,5,6.1,2.3,2.9,5
Tyler Ennis,0.1,1.1,3.9,0.443,2.1,8,1.3,0.3,0.5,0.403,13.1,1,0.439,1.1,0.4,0.721,0.5,0.284,1.3,87,3,1.3,0.3,1.6,4
Trevor Ariza,0.3,3.6,10.3,0.476,2.1,502,2,1.2,2.3,0.428,28.7,3.4,0.497,1.4,1.6,0.716,1.5,0.352,2.5,803,5.3,4.7,1.1,3.7,8.8
James Harden,0.4,3.9,21.2,0.496,5,329,2.5,2.1,7.7,0.444,33.3,5.7,0.519,3,6.5,0.855,1.5,0.368,4.2,542,8.4,4.6,0.7,6.3,14.2
David Lee,0.4,6.5,14.1,0.535,2.3,496,2.7,0,3.4,0.533,30.3,0,0.533,1.8,2.6,0.775,0.8,0.034,5.8,758,10.8,9.1,2.7,5.8,10.8
Bryn Forbes,0,0.4,1.4,0.75,0.2,0,0.8,0,0.2,0.429,7.2,0.6,0.429,0,0.2,1,0.2,0,0.6,5,0.8,0.4,0,0.6,1.4
Dejounte Murray,0,0.5,2,0,0.5,0,0.5,0.5,1,0.25,5.5,0.8,0.375,0.5,0.5,0.5,0,0.667,0,4,1.3,0.5,0,0.5,2
Dewayne Dedmon,0.8,2.9,3.9,0.538,0.2,41,2.2,0,1.2,0.536,13.2,0,0.536,0.7,0.8,0.656,0.3,0,1.6,156,2.9,4.5,1.5,1.6,2.9
Manu Ginobili,0.3,3,14,0.501,3.9,349,2.1,1.5,4.2,0.449,26.2,3.9,0.521,2.1,3.4,0.827,1.4,0.369,3.1,930,6.2,3.7,0.7,4.5,10.1
Pau Gasol,1.7,6.8,18.1,0.514,3.3,1050,2.2,0.1,5.5,0.51,35.2,0.2,0.513,2.3,4.2,0.755,0.5,0.305,6.9,1063,13.4,9.5,2.7,6.9,13.6
Jonathon Simmons,0.1,1.6,6.2,0.521,1.2,3,1.9,0.3,1.7,0.49,15.9,0.9,0.525,1,1.3,0.741,0.5,0.362,2,63,3.8,1.9,0.3,2.3,4.7
LaMarcus Aldridge,1,5.7,19.2,0.492,1.9,688,2.6,0.1,4.4,0.487,34.9,0.3,0.49,1.6,3.5,0.802,0.8,0.268,7.7,729,15.7,8.4,2.6,7.8,16.1
Danny Green,0.8,2.9,9.1,0.465,1.6,337,1.6,1.8,1,0.427,24.8,4.5,0.549,1,0.9,0.819,1,0.403,1.4,403,3,3.4,0.6,3.2,7.5
Kawhi Leonard,0.7,5,14.6,0.538,2,305,1.8,1.2,3,0.498,29.9,3,0.551,1.2,2.5,0.839,1.8,0.391,4.3,332,8,6.3,1.3,5.4,10.9
Kyle Anderson,0.3,2.6,3.7,0.449,1.3,25,1.1,0.2,0.8,0.435,14.8,0.4,0.457,0.6,0.6,0.737,0.7,0.34,1.3,119,3,2.9,0.3,1.5,3.4
Patty Mills,0.1,1.2,7.6,0.481,1.9,14,1.1,1.3,0.7,0.436,16,3.2,0.532,0.8,0.6,0.841,0.6,0.391,1.6,369,3.3,1.5,0.3,2.8,6.5
Tony Parker,0.1,2.5,16.5,0.512,5.9,1071,1.7,0.4,3.9,0.494,32,1.3,0.51,2.4,2.9,0.754,0.9,0.328,6.1,1084,12,2.9,0.4,6.6,13.3
Joe Johnson,0.2,3.2,16.9,0.472,4.2,1079,1.8,1.6,2.9,0.443,36,4.3,0.497,2,2.3,0.802,0.9,0.372,4.9,1152,10.3,4.1,0.9,6.5,14.6
Jeff Withey,0.8,1.7,3.4,0.532,0.4,14,1.2,0,1.3,0.526,10.8,0,0.526,0.4,0.9,0.716,0.3,0,1.3,152,2.3,2.6,0.9,1.3,2.4
Raul Neto,0,1.2,5.7,0.451,2.1,53,1.5,0.8,0.8,0.43,17.9,1.9,0.506,1.3,0.6,0.743,0.7,0.395,1.4,84,3.1,1.4,0.2,2.1,5
Joe Ingles,0.1,1.8,4.6,0.5,1.7,34,1.4,0.9,0.4,0.418,18.1,2.5,0.535,1,0.3,0.731,0.8,0.371,0.7,169,1.5,2,0.3,1.7,4
Trey Lyles,0.3,3,6.2,0.451,0.8,33,1.4,0.6,1,0.42,17.8,1.8,0.476,0.8,0.7,0.711,0.3,0.354,1.8,89,3.9,3.8,0.7,2.4,5.7
Rodney Hood,0.2,2.7,12.6,0.471,2.3,109,2.5,1.8,2.2,0.424,28.2,4.9,0.508,1.3,1.8,0.821,0.8,0.368,2.7,138,5.8,3.1,0.4,4.5,10.6
Dante Exum,0.2,1.3,4.9,0.429,2.3,41,1.8,1,0.5,0.362,21.8,3.1,0.461,1.4,0.3,0.682,0.5,0.32,0.8,91,1.9,1.6,0.3,1.8,5
Alec Burks,0.2,2.2,10.6,0.448,1.9,42,2,0.6,3.5,0.432,23,1.6,0.467,1.5,2.7,0.751,0.6,0.365,3.1,259,6.9,2.9,0.7,3.7,8.5
Gordon Hayward,0.4,3.2,14.7,0.472,3.4,338,1.8,1.2,4.4,0.438,30.8,3.4,0.492,2.1,3.6,0.817,1,0.359,3.7,446,7.9,4,0.7,4.9,11.3
Derrick Favors,1.4,4.8,11.6,0.513,1.1,256,2.9,0,3.5,0.511,26,0,0.511,1.5,2.3,0.666,0.8,0.059,4.7,437,9.1,7.3,2.5,4.7,9.1
Boris Diaw,0.5,3.3,8.9,0.529,3.5,534,2.2,0.5,1.4,0.495,27.7,1.3,0.526,1.8,1,0.716,0.6,0.341,3.2,994,6.1,4.5,1.2,3.7,7.4
George Hill,0.3,2.6,11.4,0.492,3.3,332,2.1,1.2,2.6,0.452,28.8,3.2,0.519,1.3,2.1,0.803,0.9,0.378,2.8,557,5.8,3.2,0.6,4,8.9
Rudy Gobert,2,5.8,7.3,0.578,1.1,106,2.2,0,3.4,0.577,24.3,0,0.577,1.4,2,0.585,0.6,0,2.6,197,4.6,8.6,2.8,2.6,4.6
Shelvin Mack,0,1.6,6.1,0.468,2.9,43,1.1,0.6,0.9,0.42,16.7,1.9,0.474,1.2,0.7,0.765,0.6,0.324,1.8,284,3.8,1.8,0.2,2.4,5.7
Maurice Harkless,0.6,2.4,6.9,0.527,0.8,127,1.7,0.5,1.5,0.462,22,1.7,0.507,0.9,0.9,0.593,0.9,0.305,2.2,288,4.2,3.5,1.2,2.7,5.9
Meyers Leonard,0.3,3.2,5.8,0.537,0.8,26,2.4,0.6,0.8,0.484,16.5,1.6,0.549,0.8,0.7,0.814,0.2,0.381,1.6,232,3.1,4.1,0.9,2.3,4.7
Allen Crabbe,0.2,1.8,7.1,0.498,1,17,1.9,1,0.9,0.448,20.2,2.6,0.533,0.6,0.8,0.855,0.6,0.385,1.6,156,3.3,2,0.2,2.7,5.9
Evan Turner,0.2,4.6,10.7,0.45,3.7,241,2.1,0.4,2.2,0.431,28.5,1.3,0.451,2,1.7,0.778,0.8,0.306,3.9,478,8.6,5.1,0.6,4.3,9.9
Pat Connaughton,0,0.6,1,0.286,0.4,0,0.2,0.1,0.2,0.265,4.4,0.6,0.316,0.3,0.2,0.857,0.1,0.238,0.2,36,0.8,0.9,0.3,0.4,1.4
Ed Davis,1,4.1,7,0.563,0.8,82,2.4,0,2,0.563,21.1,0,0.563,0.8,1.1,0.564,0.5,0,2.9,444,5.2,6.4,2.3,2.9,5.2
Al-Farouq Aminu,0.6,4.1,7,0.468,1.2,264,1.9,0.5,1.7,0.428,23.5,1.6,0.471,1.3,1.2,0.725,1,0.319,2.1,467,4.5,5.5,1.4,2.6,6.2
Noah Vonleh,0.3,2.7,3.6,0.441,0.3,57,1.6,0.2,0.7,0.413,13.8,0.7,0.44,0.6,0.5,0.732,0.3,0.292,1.3,110,2.8,3.8,1.1,1.4,3.5
Shabazz Napier,0,1.3,4.3,0.384,2.1,10,1.1,0.7,0.9,0.364,14.9,2.1,0.455,1.2,0.7,0.745,0.6,0.346,0.7,112,1.9,1.5,0.2,1.4,4
C.J. McCollum,0.2,1.9,13.1,0.462,2.4,92,1.9,1.6,2,0.445,24,3.9,0.516,1.6,1.6,0.794,0.9,0.412,3.4,189,7.3,2.3,0.4,5,11.2
Damian Lillard,0.3,3.3,21.6,0.469,6.2,330,2.2,2.6,5.1,0.428,36.4,7,0.504,2.8,4.5,0.872,0.9,0.37,4.7,330,10,3.9,0.5,7.3,17
Mason Plumlee,0.9,4.2,8.5,0.571,1.6,158,2.7,0,3.6,0.567,21.9,0,0.567,1.4,2.1,0.584,0.8,0,3.2,243,5.6,6.2,2,3.2,5.7
Thomas Robinson,0.4,3.1,4.8,0.46,0.6,11,1.8,0,1.6,0.458,13.6,0,0.458,1,0.8,0.511,0.5,0,2,269,4.3,4.8,1.7,2,4.3
Brandon Ingram,0.4,2.8,6.4,0.444,1.3,0,1.3,0.5,2.4,0.364,20.4,2.1,0.409,1,1.9,0.789,0.6,0.235,1.5,8,3.4,3.3,0.5,2,5.5
Tarik Black,0.4,3.3,5,0.567,0.6,39,2.3,0,1.5,0.565,16.4,0,0.565,0.7,0.8,0.533,0.3,0,2.1,110,3.7,5.1,1.8,2.1,3.7
Marcelo Huertas,0.1,1.4,4.4,0.474,3.4,0,1.4,0.3,0.5,0.418,16.2,1.1,0.451,1.5,0.5,0.931,0.5,0.258,1.5,55,3.2,1.7,0.3,1.8,4.3
Jordan Clarkson,0.2,2.5,14,0.478,2.8,117,2,1.1,2.6,0.441,29.1,3.2,0.484,1.7,2.1,0.816,1,0.335,4.4,146,9.1,3.6,1.1,5.4,12.3
Timofey Mozgov,0.9,3.3,6.9,0.545,0.5,215,2.2,0,1.9,0.538,18.3,0.1,0.54,1.2,1.4,0.73,0.3,0.175,2.7,376,5,5.1,1.7,2.7,5.1
Luol Deng,0.5,4.5,15.4,0.482,2.4,784,1.7,0.7,3.7,0.457,35.2,2.2,0.485,1.7,2.9,0.771,1,0.334,5.2,831,10.8,6.2,1.7,5.9,13
Lou Williams,0.2,1.7,12.3,0.455,2.9,89,1.4,1.1,4,0.416,23.5,3.3,0.475,1.4,3.2,0.818,0.9,0.342,2.8,709,6.2,2,0.4,4,9.5
Larry Nance Jr.,0.4,3.3,5.7,0.555,0.7,22,1.9,0,0.8,0.536,20.1,0.2,0.539,0.7,0.5,0.679,0.9,0.133,2.5,70,4.6,4.9,1.6,2.6,4.8
D'Angelo Russell,0.2,2.8,13.4,0.441,3.5,56,1.8,1.7,2.5,0.406,28.1,4.8,0.475,2.5,1.9,0.745,1.1,0.352,3.3,88,7.4,3.4,0.6,4.9,12.1
Julius Randle,0.4,7.9,11.5,0.451,1.8,68,3.1,0.1,3.3,0.442,28.1,0.5,0.448,1.9,2.4,0.716,0.7,0.262,4.4,90,9.7,9.9,2.1,4.5,10.2
Nick Young,0.2,1.7,11.9,0.444,1,141,1.9,1.3,2.6,0.418,23.4,3.5,0.483,1.1,2.2,0.836,0.6,0.369,2.9,584,6.5,2,0.4,4.2,10.1
Jose Calderon,0.1,2.2,9.9,0.506,6.4,546,1.7,1.1,1.3,0.474,28.7,2.7,0.544,1.6,1.2,0.875,0.9,0.412,2.7,751,5.3,2.6,0.4,3.8,8
Wade Baldwin,0.5,1.8,4.3,0.296,3.5,1,1.5,0.3,0.7,0.286,20.8,1.3,0.314,2,0.7,1,1.3,0.25,1.3,6,4.5,2.5,0.7,1.7,5.8
James Ennis,0.3,2,6,0.483,0.8,15,1.6,0.7,1.7,0.437,17.7,1.9,0.517,0.8,1.3,0.809,0.6,0.374,1.3,92,2.6,2.9,1,2,4.6
Troy Daniels,0,0.8,4.7,0.43,0.5,1,0.9,1.2,0.2,0.42,10,2.8,0.565,0.5,0.2,0.75,0.2,0.416,0.5,98,1.2,1,0.2,1.7,4
Mike Conley,0.2,2.4,13.6,0.465,5.6,615,2,1.2,3.1,0.44,32.5,3.1,0.492,2,2.5,0.807,1.5,0.375,3.8,644,8.2,2.9,0.4,5,11.3
Andrew Harrison,0.1,1.1,6.3,0.381,3.1,2,3.1,0.6,3.1,0.3,24.4,2.7,0.35,1.7,2.3,0.727,1.4,0.211,1.1,7,3,1.6,0.4,1.7,5.7
Chandler Parsons,0.4,4.1,14.3,0.532,3,326,2.1,1.7,2.3,0.473,33.3,4.5,0.545,1.7,1.6,0.705,1,0.378,3.8,342,7.1,5,1,5.5,11.6
Brandan Wright,1,2.3,7.1,0.611,0.5,56,1.3,0,1.5,0.608,16.5,0,0.608,0.5,1,0.677,0.5,0,3,372,5,3.7,1.4,3,5
Jarell Martin,0.3,1.9,5.7,0.464,0.5,2,2.4,0.1,2.3,0.456,14.5,0.3,0.466,0.8,1.6,0.727,0.4,0.333,1.9,34,4.1,3.2,1.4,2,4.4
JaMychal Green,0.4,2.6,6.4,0.494,0.7,24,2.3,0.2,1.4,0.472,16.7,0.7,0.49,1,1,0.752,0.5,0.306,2.4,110,4.9,4.2,1.6,2.6,5.5
Tony Allen,0.4,2.2,8.1,0.493,1.3,378,2.4,0.1,2.4,0.476,21.8,0.5,0.487,1.4,1.7,0.718,1.4,0.281,3,731,6,3.4,1.2,3.1,6.5
Marc Gasol,1.5,5.8,14.4,0.506,3.1,569,3,0,4.6,0.502,33.7,0.2,0.503,2,3.5,0.765,0.9,0.231,5.4,576,10.6,7.8,2,5.4,10.8
Zach Randolph,0.3,6.3,16.9,0.481,1.8,820,2.4,0.1,4.3,0.473,31.7,0.5,0.477,2.1,3.3,0.764,0.8,0.262,6.6,992,13.8,9.4,3,6.7,14.3
Vince Carter,0.6,3.4,18.7,0.462,3.4,954,2.7,1.5,4.6,0.439,32.4,4.1,0.488,1.9,3.6,0.799,1.1,0.373,5.3,1282,11.4,4.6,1.2,6.8,15.5
Matt Barnes,0.5,3.4,8.2,0.526,1.8,342,2.5,1,1.5,0.439,23.6,3.1,0.515,1.3,1.1,0.743,0.8,0.335,2,864,3.8,4.6,1.2,3,6.9
Anthony Tolliver,0.3,2.6,6,0.49,0.9,69,1.6,1.1,1.2,0.409,19.5,3,0.516,0.6,0.9,0.77,0.4,0.356,1,460,2,3.5,0.9,2,4.9
Garrett Temple,0.2,1.4,4.5,0.442,1.4,101,1.6,0.6,1,0.397,16.4,1.7,0.469,0.8,0.7,0.702,0.7,0.336,1,318,2.3,1.8,0.4,1.6,4.1
Arron Afflalo,0.2,2.6,11.5,0.484,2,498,2,1.2,2.4,0.451,28.7,3.1,0.514,1.2,2,0.822,0.5,0.385,3,657,6.3,3.1,0.5,4.2,9.3
Kosta Koufos,0.8,3.1,5.6,0.529,0.4,161,2,0,1.1,0.528,15.9,0,0.528,0.7,0.7,0.602,0.4,0,2.5,511,4.7,4.8,1.8,2.5,4.7
Omri Casspi,0.2,3.3,8.4,0.487,1.2,137,1.6,1,1.9,0.442,21.6,2.6,0.511,1.1,1.3,0.677,0.6,0.367,2.1,468,4.3,4.2,0.9,3.1,7
Willie Cauley-Stein,1,3.1,6.8,0.563,0.6,39,2.3,0,1.8,0.56,20.8,0,0.56,0.7,1.2,0.644,0.7,0,2.8,73,5,5,1.9,2.8,5
Darren Collison,0.1,2.2,12.6,0.493,4.9,315,1.7,0.8,3,0.468,29.4,2.1,0.507,2.1,2.5,0.851,1.1,0.373,3.9,496,7.9,2.7,0.5,4.7,9.9
Rudy Gay,0.8,4.4,18.4,0.479,2.3,693,2.5,1,4.3,0.453,35.7,3,0.486,2.4,3.4,0.793,1.3,0.345,5.9,731,12.4,5.9,1.5,7,15.4
Ben McLemore,0.2,2.2,9.6,0.469,1.3,190,2.4,1.3,1.7,0.415,26.9,3.7,0.491,1.4,1.4,0.784,0.7,0.346,2.2,240,4.7,2.7,0.5,3.5,8.4
DeMarcus Cousins,1.2,7.7,20.3,0.469,2.7,402,3.9,0.2,7.3,0.461,31.6,0.7,0.467,3.4,5.3,0.73,1.4,0.286,7.2,424,15.3,10.7,3,7.4,16
Juan Hernangomez,0.2,1,1.4,1,0.2,0,0.8,0.2,0.4,0.667,6.8,0.4,0.833,0.4,0.4,1,0.2,0.5,0.2,5,0.2,1,0,0.4,0.6
Jamal Murray,0,1.7,4.3,0.273,1.7,2,1.1,0.7,0.6,0.275,17.7,2.6,0.338,1,0.4,0.75,0.3,0.278,0.9,7,3.1,1.7,0,1.6,5.7
Mike Miller,0.2,3.7,10.8,0.502,2.6,570,2,1.6,1.7,0.459,27.3,3.8,0.55,1.5,1.3,0.769,0.6,0.407,2.4,1014,4.8,4.3,0.6,4,8.6
Darrell Arthur,0.6,2.5,6.7,0.46,0.8,98,2.6,0.2,1,0.444,18.4,0.7,0.461,0.8,0.8,0.761,0.6,0.316,2.6,445,5.7,3.7,1.2,2.8,6.4
Will Barton,0.3,2.8,8.1,0.467,1.5,9,1.2,0.6,1.9,0.422,18.4,2,0.465,1.1,1.5,0.803,0.6,0.307,2.4,257,5.1,3.4,0.5,3,7.1
Nikola Jokic,0.6,4.7,10,0.545,2.3,62,2.7,0.4,2.3,0.513,21.8,1.1,0.536,1.3,1.9,0.802,1,0.323,3.5,87,6.5,7,2.2,3.9,7.6
Jameer Nelson,0.1,2.5,11.9,0.474,5.2,600,2.5,1.3,1.9,0.437,28.5,3.6,0.501,2.2,1.5,0.815,0.9,0.368,3.2,760,6.8,3,0.5,4.5,10.4
Emmanuel Mudiay,0.5,3.2,13.2,0.379,5.3,73,2.2,1.1,3.4,0.364,30.7,3.4,0.404,3.4,2.4,0.704,1,0.318,3.8,75,10,3.6,0.5,4.9,13.4
Jusuf Nurkic,1.2,4.1,7.7,0.447,1,37,3.1,0,2.6,0.444,18.1,0,0.444,1.6,1.6,0.626,0.8,0,3,101,6.8,6.2,2.1,3,6.9
Gary Harris,0.2,1.6,8.6,0.511,1.4,84,1.7,1,1.4,0.432,24.1,3.1,0.496,1,1.1,0.797,1,0.315,2.3,134,4.5,2.2,0.6,3.3,7.5
Kenneth Faried,0.9,5.5,12.2,0.545,1.1,331,2.6,0,3.6,0.543,26.5,0,0.543,1.5,2.3,0.648,0.8,0.133,4.9,355,9,8.7,3.2,4.9,9.1
Wilson Chandler,0.7,4.2,13.7,0.492,1.7,343,2.9,1.3,2.3,0.443,31.1,3.8,0.497,1.5,1.8,0.774,0.7,0.338,4,451,8.2,5.3,1.1,5.3,12
Danilo Gallinari,0.5,3.8,14.9,0.455,1.9,334,1.9,1.8,4.8,0.415,30.8,4.9,0.498,1.3,4.1,0.855,0.8,0.367,2.7,404,6,4.6,0.8,4.5,10.8
Tyler Ulis,0.3,0.5,2,0.375,2,0,0.8,0,0.5,0.333,8.5,0.3,0.333,0.8,0.5,1,0.8,0,0.8,4,2,0.8,0.3,0.8,2.3
Marquese Chriss,0.3,2.3,4.9,0.471,0.7,2,2.4,0.1,1.7,0.415,14,0.8,0.427,1.4,1,0.6,0.6,0.143,1.8,9,3.8,3.2,0.9,1.9,4.6
Leandro Barbosa,0.1,1.7,10.9,0.499,2.2,112,2,1.2,1.9,0.46,22.1,3.1,0.528,1.3,1.5,0.819,0.8,0.388,2.9,791,5.8,2.1,0.4,4.1,8.9
Jared Dudley,0.2,2.3,8.4,0.516,1.6,260,1.8,1,1.7,0.47,24.3,2.6,0.55,0.9,1.2,0.733,0.9,0.4,2,685,3.9,3.4,1.1,3.1,6.5
John Jenkins,0.1,1.3,5.2,0.515,0.8,8,0.6,0.7,0.8,0.449,13,1.8,0.528,0.6,0.7,0.846,0.2,0.363,1.2,141,2.4,1.5,0.2,1.9,4.2
Brandon Knight,0.2,2.9,15.8,0.447,4.5,316,2.1,1.7,3.3,0.415,32.7,4.9,0.479,2.8,2.7,0.809,1,0.358,4,337,8.9,3.5,0.6,5.7,13.7
Tyson Chandler,1.3,6.1,8.7,0.592,0.9,790,2.9,0,3.4,0.591,28.5,0,0.591,1.5,2.2,0.644,0.6,0,3.3,993,5.5,9.3,3.2,3.3,5.5
Devin Booker,0.3,2.1,14.5,0.468,2.6,59,3,1.3,3.6,0.425,28.5,3.9,0.481,2.2,3,0.836,0.6,0.338,3.8,84,8.1,2.5,0.4,5.1,12
T.J. Warren,0.3,1.7,9.8,0.522,0.8,14,1.8,0.4,1.3,0.5,20.9,1.1,0.524,0.7,1,0.744,0.7,0.358,3.8,96,7.3,2.9,1.3,4.2,8.4
Alex Len,1,4.2,6.6,0.453,0.7,95,2.7,0,2.1,0.45,19.7,0.1,0.451,1.3,1.5,0.714,0.4,0.182,2.5,198,5.6,6.1,1.9,2.5,5.6
P.J. Tucker,0.3,3.9,7.8,0.477,1.6,269,2.2,0.7,1.7,0.435,27.7,2.1,0.49,1.1,1.3,0.747,1.2,0.346,2.1,346,4.5,5.6,1.7,2.9,6.6
Eric Bledsoe,0.5,2.8,11.8,0.485,4.3,199,1.9,0.7,3.4,0.448,26.1,2.2,0.487,2.6,2.6,0.781,1.4,0.33,3.5,361,7.2,3.7,0.8,4.2,9.4
Jordan Hill,0.7,3.7,8,0.5,0.8,120,2.2,0,1.8,0.497,19,0.1,0.498,1,1.3,0.699,0.4,0.136,3.3,404,6.7,5.9,2.2,3.4,6.7
Brandon Rush,0.5,2.6,7,0.451,1,130,1.3,1.1,0.9,0.429,21.9,2.7,0.518,0.9,0.6,0.704,0.5,0.402,1.5,439,3.4,3,0.4,2.6,6.1
Kris Dunn,0.3,2.6,4.9,0.346,4,5,2.6,0.4,2,0.364,22.3,1,0.409,1.7,1,0.5,1.6,0.429,1.3,7,3.7,3.3,0.7,1.7,4.7
Nemanja Bjelica,0.4,2.7,5,0.544,1.3,0,2.6,0.8,0.9,0.449,17.5,2.1,0.547,0.8,0.7,0.71,0.4,0.366,1,67,1.9,3.5,0.8,1.8,4
Tyus Jones,0.1,1.2,4.5,0.381,3.1,0,0.9,0.5,1.2,0.353,16.4,1.6,0.408,0.9,0.9,0.76,1,0.303,1.1,42,2.8,1.5,0.3,1.5,4.4
Karl-Anthony Towns,1.6,7.5,18.6,0.558,2,89,3,0.4,3.4,0.54,32.3,1.2,0.556,2.2,2.8,0.81,0.7,0.36,7.2,89,13,10.3,2.8,7.7,14.2
Adreian Payne,0.2,2.4,4.1,0.417,0.7,24,1.9,0.1,0.9,0.396,14.3,0.5,0.409,0.9,0.6,0.662,0.4,0.233,1.6,86,3.8,3.2,0.8,1.7,4.3
Zach LaVine,0.2,2.5,12.5,0.467,3.3,80,2.2,1.2,2.5,0.441,26.7,3.2,0.499,2.2,2,0.819,0.8,0.383,3.4,166,7.3,2.8,0.3,4.6,10.5
Andrew Wiggins,0.6,2.6,19,0.469,2,170,2.2,0.6,6.4,0.45,35.6,2,0.472,2.2,4.8,0.758,1,0.325,6.1,170,13,4.1,1.5,6.8,15
Gorgui Dieng,1.3,4.7,8.5,0.524,1.6,110,2.4,0,2.7,0.519,24.5,0.1,0.521,1.5,2.1,0.777,0.9,0.276,3.2,222,6.1,7,2.3,3.2,6.2
Shabazz Muhammad,0.1,1.8,9.6,0.505,0.6,13,1.1,0.4,2.7,0.472,18,1.3,0.5,0.8,2,0.741,0.3,0.317,3.2,164,6.3,3,1.2,3.6,7.6
Ricky Rubio,0.1,3.6,10.1,0.384,8.3,260,2.6,0.6,3.9,0.368,31.5,2,0.406,2.8,3.2,0.813,2.2,0.317,2.5,280,6.5,4.3,0.7,3.1,8.5
Seth Curry,0.1,1.2,6.6,0.466,1.6,11,1.1,1.1,1,0.446,16.2,2.6,0.551,0.8,0.8,0.81,0.6,0.425,1.2,56,2.6,1.4,0.2,2.3,5.3
Dirk Nowitzki,0.9,6.8,22,0.498,2.5,1312,2.4,1.3,5.9,0.474,35.2,3.3,0.513,1.8,5.2,0.879,0.8,0.381,6.5,1343,13,7.9,1.1,7.7,16.4
Nicolas Brussino,0,0.3,1,0,0.5,0,0,0.2,0.7,0.2,5.2,0.5,0.3,0.3,0.5,0.75,0.5,0.333,0,6,0.3,0.5,0.2,0.2,0.8
Dorian Finney-Smith,0.1,1,2.4,0.667,0.1,2,1,0.4,0.9,0.385,12.9,1.4,0.5,0.3,0.6,0.667,0.6,0.3,0.3,7,0.4,1.4,0.4,0.7,1.9
A.J. Hammons,0,0.3,3,0.5,0.3,0,0.3,0.3,0.7,0.6,2.7,0.3,0.7,0,0.7,1,0,1,0.7,3,1.3,1,0.7,1,1.7
Dwight Powell,0.3,2.3,5.1,0.52,0.6,3,1.6,0.1,1.8,0.495,13,0.3,0.502,0.5,1.3,0.731,0.5,0.194,1.8,106,3.5,3.4,1.1,1.9,3.8
Deron Williams,0.3,2.7,16.8,0.481,8.3,732,2.6,1.4,4.3,0.445,34.8,3.9,0.498,2.9,3.6,0.821,1.1,0.357,4.5,786,9.3,3.2,0.4,5.9,13.3
Harrison Barnes,0.2,3.6,10.4,0.479,1.4,254,1.9,0.9,2.2,0.449,28.3,2.5,0.503,1,1.6,0.749,0.7,0.375,3,315,6.2,4.7,1,3.9,8.7
Salah Mejri,1,2.5,3.8,0.67,0.3,6,1.7,0,1.2,0.663,11.5,0,0.663,0.7,0.7,0.596,0.2,0,1.5,40,2.3,3.7,1.2,1.5,2.3
J.J. Barea,0,1.7,8.6,0.457,3.5,89,1.5,0.9,1.4,0.423,19.4,2.5,0.481,1.4,1.1,0.801,0.4,0.352,2.4,667,5.2,2,0.3,3.3,7.7
Wesley Matthews,0.2,2.5,14,0.479,2.1,466,2.2,2.1,2.8,0.432,32.6,5.4,0.526,1.3,2.3,0.83,1.1,0.384,2.7,526,5.7,3.1,0.6,4.8,11.1
Justin Anderson,0.5,2.2,4.3,0.519,0.6,11,0.9,0.4,1.1,0.403,12.9,1.7,0.46,0.5,0.9,0.775,0.4,0.257,1.1,63,2.1,2.7,0.5,1.5,3.8
Devin Harris,0.2,2,11.7,0.482,4.4,445,2.3,0.8,3.9,0.437,26.2,2.5,0.483,1.9,3.1,0.794,1.1,0.324,3.1,781,6.4,2.3,0.3,3.9,8.9
Andrew Bogut,1.6,6.4,10.3,0.536,2.3,636,3.2,0,2.3,0.535,29.4,0,0.535,1.8,1.3,0.556,0.7,0.12,4.5,650,8.4,9,2.6,4.5,8.4
Solomon Hill,0.2,2.4,6,0.446,1.5,89,1.6,0.6,1.5,0.404,20.8,1.8,0.46,0.9,1.2,0.819,0.7,0.325,1.5,177,3.4,3.1,0.7,2.1,5.2
Terrence Jones,1.2,3.9,10.3,0.55,1,107,1.8,0.4,2.3,0.51,23.9,1.3,0.535,1,1.5,0.623,0.6,0.305,3.8,185,6.9,5.7,1.8,4.2,8.2
Tim Frazier,0.1,1.8,5.9,0.446,4,13,1.8,0.4,1.6,0.422,17.4,1.2,0.459,1.6,1.1,0.673,0.7,0.337,1.8,70,4.1,2.4,0.6,2.2,5.3
Buddy Hield,0.3,2.3,9.4,0.477,1,0,1.6,1.1,0.9,0.337,21.3,5.6,0.388,1.3,0.8,0.857,0.6,0.2,2.6,8,5.5,2.9,0.6,3.8,11.1
Langston Galloway,0.3,3.1,9,0.421,2.7,48,2.3,1.1,1.5,0.393,27,3.2,0.457,0.9,1.1,0.774,1,0.345,2.3,135,5.4,3.7,0.6,3.4,8.6
E'Twaun Moore,0.2,1.3,6,0.459,1.6,54,1.4,0.7,0.6,0.429,17.5,1.8,0.488,0.8,0.5,0.745,0.6,0.367,1.8,315,3.8,1.7,0.4,2.4,5.6
Dante Cunningham,0.5,2.5,6,0.484,0.7,116,1.8,0.1,0.9,0.468,21,0.4,0.48,0.5,0.6,0.65,0.7,0.283,2.5,519,5.2,3.7,1.2,2.6,5.7
Omer Asik,0.8,5.2,5.6,0.529,0.6,248,2,0,2.4,0.529,20.2,0,0.529,1.2,1.3,0.553,0.4,0,2.1,430,4,7.5,2.3,2.1,4
Alexis Ajinca,0.6,2.6,5.3,0.509,0.5,61,2.3,0,1.1,0.503,13,0.1,0.508,0.9,0.9,0.805,0.3,0.316,2.1,258,4.2,3.8,1.2,2.2,4.3
Tyreke Evans,0.4,3.9,16.7,0.474,5.3,370,2.4,0.6,4.5,0.446,33.4,2.1,0.468,2.8,3.4,0.757,1.3,0.288,5.7,433,12,4.9,0.9,6.3,14.2
Jrue Holiday,0.4,2.7,14.1,0.46,6.1,370,2.3,1.1,2.3,0.439,32.2,2.9,0.481,2.7,1.9,0.801,1.4,0.368,4.5,437,9.8,3.5,0.8,5.6,12.7
Anthony Davis,2.4,7.2,21.1,0.525,1.7,263,2.5,0.2,6.2,0.516,34,0.6,0.521,1.6,4.8,0.782,1.3,0.272,7.9,268,15,9.7,2.6,8,15.6
Quincy Pondexter,0.2,1.4,5.3,0.472,0.8,47,1.5,0.7,1,0.424,18.1,2,0.506,0.6,0.7,0.732,0.4,0.365,1.2,279,2.5,2,0.7,1.9,4.5
James Jones,0.3,1.5,5.4,0.4,0.5,91,1.3,1.1,0.9,0.399,16.2,2.8,0.527,0.3,0.8,0.847,0.3,0.399,0.6,663,1.6,1.9,0.3,1.8,4.4
DeAndre Liggins,0.1,0.9,1.6,0.547,0.4,1,0.7,0.1,0.6,0.474,6.9,0.4,0.52,0.4,0.3,0.486,0.4,0.304,0.5,61,0.9,1.2,0.3,0.6,1.2
Richard Jefferson,0.3,3.3,13.3,0.492,2.1,796,2.3,0.9,4.2,0.465,30,2.4,0.51,1.6,3.2,0.769,0.7,0.379,3.7,1089,7.5,4.1,0.8,4.6,9.9
Chris Andersen,1.4,3.4,5.5,0.542,0.5,45,1.9,0,2.4,0.533,17.8,0.1,0.537,0.7,1.5,0.654,0.4,0.231,1.9,685,3.5,5.1,1.7,1.9,3.6
Jordan McRae,0,0.7,4.2,0.417,1,1,0.8,0.4,1.2,0.427,8.4,0.9,0.488,0.6,0.9,0.75,0.1,0.455,1,24,2.5,0.8,0.2,1.5,3.4
Tristan Thompson,0.7,5.2,9.6,0.505,0.8,245,2.4,0,3.4,0.504,28.5,0,0.504,1.2,2.1,0.628,0.5,0,3.7,395,7.4,8.6,3.4,3.7,7.4
Mo Williams,0.1,2.3,13.2,0.46,4.9,525,2.5,1.3,2.2,0.434,29.2,3.5,0.493,2.3,1.9,0.871,0.9,0.378,3.6,818,7.9,2.8,0.5,5,11.4
Iman Shumpert,0.2,2.8,7.4,0.435,2,168,2.5,1,1.2,0.395,25.5,2.9,0.464,1.3,0.9,0.76,1.3,0.337,1.8,301,4.1,3.6,0.8,2.8,7
Kevin Love,0.5,8.3,18.4,0.478,2.4,441,2.2,1.4,5.8,0.444,32.7,4,0.496,2,4.7,0.816,0.7,0.362,4.7,523,9.7,11.5,3.2,6.1,13.7
Mike Dunleavy,0.3,3.6,11.5,0.482,2.3,583,2.1,1.3,2.4,0.441,28.3,3.6,0.513,1.4,2,0.803,0.8,0.376,2.8,940,5.7,4.4,0.7,4.1,9.3
Channing Frye,0.7,3.9,9.2,0.469,1,423,2.8,1.2,1.3,0.438,23.8,3,0.511,1,1.1,0.82,0.6,0.387,2.3,732,5,4.8,1,3.5,8
