,id,name,height,weight,dob,age,position,Pk,Draft_Yr,wing_span,standing_reach,body_fat,no_step_vert,max_vert,gp,min,pts,fg,fga,fg_perc,2pt,2pta,2p_perc,3pt,3pta,3p_perc,FTM,FTA,FT_perc,off_reb,def_reb,tot_reb,ast,stl,blks,to,pf
0,J20022,Jay Williams,74,197,09/10/1981,34,G,2,2002,75.5,97.0,0.0,28.5,36.0,35.0,33.6,22.9,7.6,16.7,45.7,4.3,8.1,53.6,3.3,8.7,38.3,4.3,6.4,67.6,0.8,3.0,3.8,5.7,2.3,0.1,4.0,2.5
1,M20023,Mike Dunleavy,81,230,09/15/1980,35,SF,3,2002,81.0,106.0,0.0,24.5,29.0,35.0,32.4,19.3,6.9,14.4,48.3,4.1,6.9,59.6,2.8,7.4,37.8,2.6,3.8,68.1,1.4,6.6,8.0,2.3,2.5,0.8,2.0,2.5
2,D20024,Drew Gooden,82,227,09/24/1981,34,PF,4,2002,84.5,106.5,0.0,29.0,33.0,37.0,30.3,23.1,8.9,17.8,50.4,8.6,16.6,51.9,0.3,1.1,27.8,4.8,6.4,75.5,4.0,9.3,13.3,2.3,2.0,1.6,3.4,2.9
3,D20026,Dajuan Wagner,74,193,02/04/1983,33,SG,6,2002,74.0,99.0,0.0,28.0,35.0,36.0,31.8,25.0,8.7,21.2,41.0,6.5,14.4,45.3,2.2,6.8,31.7,5.4,7.5,72.2,0.6,2.3,2.9,4.2,1.4,0.7,3.4,3.3
4,C20028,Chris Wilcox,81,218,08/03/1982,33,C,8,2002,85.0,107.5,0.0,31.0,34.5,36.0,24.1,18.3,7.3,14.6,50.3,7.3,14.5,50.6,0.0,0.1,0.0,3.7,6.3,58.5,4.1,6.8,11.0,2.3,1.2,2.3,2.3,4.1
5,C200210,Caron Butler,78,222,03/13/1980,36,SF,10,2002,83.5,103.5,0.0,27.0,31.0,34.0,36.0,21.6,7.9,16.3,48.5,7.0,14.0,49.9,0.9,2.3,40.0,4.9,6.2,77.9,3.4,4.6,8.0,3.2,2.2,0.4,3.1,2.3
6,J200211,Jared Jeffries,82,230,11/25/1981,34,SF,11,2002,84.5,109.0,0.0,26.0,30.0,36.0,32.6,19.4,6.8,14.9,45.7,5.8,12.4,47.2,1.0,2.6,38.0,4.8,7.2,66.7,3.3,6.6,9.8,2.7,1.9,1.7,3.7,3.2
7,M200212,Melvin Ely,82,240,05/02/1978,38,C,12,2002,88.0,111.0,0.0,26.0,29.0,28.0,35.6,25.1,9.4,16.8,56.3,9.4,16.7,56.4,0.0,0.0,0.0,6.2,8.4,73.5,3.5,6.3,9.8,1.9,0.7,3.4,2.8,2.6
8,M200213,Marcus Haislip,82,221,12/22/1980,35,PF,13,2002,84.0,107.0,0.0,33.5,36.5,25.0,33.5,19.8,7.6,14.8,51.8,6.9,12.6,55.1,0.7,2.2,32.6,3.8,5.3,72.1,2.7,5.3,7.9,1.1,0.5,2.1,2.4,4.1
9,F200214,Fred Jones,76,218,03/11/1979,37,SG,14,2002,84.0,100.0,0.0,33.5,37.5,35.0,31.5,22.3,7.4,14.2,52.1,5.6,9.5,59.4,1.8,4.7,37.2,5.8,6.7,87.1,2.2,4.3,6.5,3.8,2.2,0.6,2.8,3.2
10,C200218,Curtis Borchardt,84,238,09/13/1980,35,C,18,2002,86.5,112.0,0.0,24.0,27.0,29.0,31.0,21.0,7.3,12.7,57.6,6.8,11.5,59.3,0.5,1.2,40.7,5.9,8.8,67.0,4.7,9.5,14.2,2.5,0.7,3.5,2.4,3.5
11,R200219,Ryan Humphrey,79,223,07/24/1979,36,F,19,2002,84.0,104.5,0.0,31.5,37.5,31.0,35.6,20.6,8.1,16.6,48.9,8.0,16.4,48.9,0.1,0.2,50.0,4.3,7.2,59.8,4.0,7.8,11.8,2.8,1.2,3.1,2.7,2.9
12,K200220,Kareem Rush,78,199,10/30/1980,35,SG,20,2002,81.75,103.5,0.0,26.0,30.0,36.0,31.9,24.2,8.5,19.9,42.6,4.7,10.6,44.4,3.8,9.3,40.5,3.5,4.5,76.7,1.6,4.8,6.4,3.0,1.3,0.7,3.5,2.6
13,F200225,Frank Williams,77,151,02/25/1980,36,G,25,2002,80.0,100.5,0.0,26.0,31.0,35.0,32.5,19.7,6.1,15.5,39.3,4.2,9.9,42.3,1.9,5.5,34.0,5.7,7.1,80.8,1.1,4.6,5.7,5.3,2.5,0.3,3.3,2.5
14,J200226,John Salmons,79,207,12/12/1979,36,SF,26,2002,82.25,104.0,0.0,30.5,34.5,32.0,33.7,15.1,4.9,10.7,46.1,4.1,8.1,50.9,0.8,2.6,31.0,4.4,5.2,84.2,2.1,4.7,6.9,7.0,2.0,0.7,4.3,2.7
15,S200229,Steve Logan,71,207,03/20/1980,36,PG,29,2002,71.75,92.5,0.0,0.0,0.0,35.0,34.1,26.2,8.4,18.3,45.8,5.4,10.5,51.9,2.9,7.8,37.6,6.5,7.5,87.3,0.3,3.2,3.6,6.2,1.1,0.0,2.9,2.1
16,R200231,Robert Archibald,83,250,03/29/1980,36,F,31,2002,83.75,109.5,0.0,24.0,27.5,34.0,22.6,18.7,5.9,8.9,65.9,5.9,8.9,66.3,0.0,0.1,0.0,6.9,10.6,65.4,3.6,6.1,9.7,2.3,1.3,2.0,3.5,6.3
17,V200232,Vincent Yarbrough,79,202,03/21/1981,35,G,32,2002,84.5,104.5,0.0,30.0,34.0,31.0,35.4,20.3,7.0,16.6,42.5,4.9,10.5,46.2,2.2,6.1,35.9,4.1,5.9,68.7,2.5,6.0,8.5,3.2,2.1,0.9,3.4,2.2
18,C200234,Carlos Boozer,81,258,11/20/1981,34,PF,34,2002,86.25,108.5,0.0,26.5,28.5,35.0,28.4,23.2,8.4,12.6,66.5,8.4,12.5,66.7,0.0,0.0,0.0,6.5,8.6,75.4,4.3,6.7,11.0,1.4,1.1,0.8,2.3,3.9
19,R200238,Rod Grizzard,80,193,06/13/1980,35,SF,38,2002,84.0,107.0,0.0,0.0,0.0,35.0,30.8,18.1,6.1,14.4,42.3,4.6,9.1,50.8,1.5,5.3,27.8,4.5,5.8,77.2,2.2,5.6,7.8,2.3,1.4,0.9,2.9,2.8
20,J200242,Jason Jennings,84,249,04/18/1979,37,C,42,2002,91.0,111.0,0.0,29.0,32.0,30.0,28.1,20.8,8.1,14.3,56.7,8.1,14.3,56.7,0.0,0.0,0.0,4.7,5.9,79.0,3.0,6.4,9.4,1.2,0.5,4.8,2.8,4.5
21,L200243,Lonny Baxter,80,264,07/27/1979,36,F,43,2002,85.5,107.5,0.0,28.0,32.5,35.0,28.7,19.7,7.1,13.0,54.6,7.1,13.0,54.8,0.0,0.0,0.0,5.4,8.7,62.3,2.9,7.6,10.6,1.0,1.2,2.5,2.8,3.8
22,S200244,Sam Clancy,79,242,05/04/1980,36,PF,44,2002,86.75,107.0,0.0,31.0,34.0,32.0,37.6,19.5,7.5,15.2,49.4,7.5,15.2,49.4,0.0,0.1,50.0,4.4,7.0,62.4,3.1,6.5,9.6,1.7,1.8,1.5,1.8,3.2
23,M200245,Matt Barnes,80,226,03/09/1980,36,SF,45,2002,81.0,96.5,0.0,35.5,40.5,31.0,30.7,17.5,6.3,13.4,47.1,4.5,9.1,49.5,1.8,4.3,41.7,3.0,4.9,61.9,1.9,6.1,8.0,4.5,1.5,0.4,3.6,3.1
24,C200247,Chris Owens,80,237,03/01/1979,37,F,47,2002,83.5,104.0,0.0,0.0,0.0,11.0,27.2,22.6,8.1,16.1,50.0,7.7,14.8,51.8,0.4,1.3,30.0,6.1,9.8,62.7,4.2,6.4,10.5,1.2,1.0,2.7,2.5,3.5
25,D200249,Darius Songaila,81,240,02/14/1978,38,PF,49,2002,85.0,108.5,0.0,24.5,29.5,34.0,30.5,22.2,7.5,14.3,52.3,7.2,13.7,52.9,0.2,0.6,37.5,7.1,8.3,85.4,2.8,7.3,10.1,3.3,1.6,1.0,4.4,3.8
26,M200251,Marcus Taylor,74,181,11/25/1981,34,PG,51,2002,76.5,98.5,0.0,27.5,33.5,29.0,34.4,21.0,7.1,17.7,40.0,4.5,10.5,42.6,2.6,7.1,36.1,4.3,5.3,81.3,0.5,3.1,3.6,6.6,1.3,0.1,3.9,2.2
27,R200252,Rasual Butler,79,198,05/23/1979,36,SF,52,2002,84.0,105.5,0.0,31.5,37.5,32.0,39.1,22.2,7.7,17.8,43.5,5.8,12.6,46.6,1.9,5.2,36.1,4.9,5.7,85.5,2.5,6.9,9.4,1.5,1.4,1.4,2.8,1.8
28,T200253,Tamar Slay,80,203,04/02/1980,36,PF,53,2002,83.5,104.0,0.0,32.5,38.0,30.0,34.4,21.5,7.4,16.7,44.6,4.4,9.4,46.8,3.0,7.2,41.9,3.6,4.9,73.1,1.4,4.7,6.1,2.8,1.9,0.6,3.4,3.1
29,R200256,Randy Holcomb,80,225,08/08/1979,36,PF,56,2002,85.0,105.0,0.0,29.5,35.5,33.0,32.3,20.3,8.0,15.5,51.6,7.6,14.1,53.9,0.4,1.5,30.0,3.9,6.1,63.5,3.2,7.6,10.8,2.1,0.9,1.2,4.2,3.0
30,C200257,Corsley Edwards,81,285,03/05/1979,37,F,57,2002,82.75,106.5,0.0,28.5,33.0,32.0,31.0,20.4,7.4,14.6,50.4,7.4,14.6,50.4,0.0,0.0,0.0,5.7,7.4,76.1,5.3,6.1,11.4,1.2,1.8,2.0,2.9,3.2
31,C20033,Carmelo Anthony,79,233,05/29/1984,31,SF,3,2003,84.0,105.5,8.0,30.5,33.5,35.0,36.4,23.2,8.3,18.2,45.3,6.6,13.3,49.6,1.7,4.9,33.7,5.0,7.1,70.6,3.0,7.4,10.4,2.3,1.6,0.9,2.3,2.3
32,C20034,Chris Bosh,83,225,03/02/1984,32,PF,4,2003,87.5,109.0,8.0,30.5,33.0,31.0,31.0,19.6,6.8,12.1,56.0,5.9,10.2,57.6,0.9,1.9,46.8,5.1,7.0,73.0,3.8,7.4,11.2,1.5,1.2,2.7,2.9,2.9
33,D20035,Dwyane Wade,77,212,01/17/1982,34,SG,5,2003,82.75,102.0,6.7,31.5,35.0,38.0,32.2,27.1,9.7,19.3,49.9,9.1,17.7,51.5,0.6,1.7,33.3,7.2,9.2,78.1,2.2,5.8,8.0,5.8,2.6,1.7,4.1,2.9
34,C20036,Chris Kaman,84,252,04/28/1982,34,C,6,2003,83.75,110.5,16.3,23.5,30.5,31.0,34.0,25.0,8.8,14.1,62.2,8.8,14.1,62.2,0.0,0.0,0.0,7.4,9.9,75.0,4.0,9.4,13.4,1.4,0.7,3.5,4.9,3.6
35,K20037,Kirk Hinrich,76,186,02/02/1981,35,SG,7,2003,78.0,98.5,5.3,29.0,33.5,37.0,33.6,19.0,6.9,14.5,47.5,4.2,8.0,53.2,2.6,6.5,40.6,2.6,3.7,70.4,1.1,3.0,4.1,3.9,2.0,0.5,2.5,2.3
36,T20038,T.J. Ford,72,162,03/24/1983,33,PG,8,2003,71.5,93.5,6.7,32.5,39.5,33.0,33.6,17.2,5.5,13.8,40.1,4.9,11.4,42.9,0.6,2.4,26.5,5.5,6.7,82.0,0.7,3.7,4.4,8.8,2.3,0.2,3.7,2.9
37,M20039,Mike Sweetney,80,262,10/25/1982,33,PF,9,2003,85.0,107.5,14.1,28.0,31.5,34.0,32.4,25.8,8.8,16.0,54.7,8.8,15.9,55.0,0.0,0.1,0.0,8.2,11.2,73.8,4.5,7.1,11.7,2.2,1.7,3.6,2.4,3.2
38,N200312,Nick Collison,82,255,10/26/1980,35,PF,12,2003,85.5,108.0,17.0,28.0,33.0,38.0,32.4,21.0,8.4,15.2,55.4,8.0,14.0,57.1,0.4,1.1,34.2,3.8,6.0,63.5,3.7,7.6,11.4,2.5,1.3,2.2,2.8,2.8
39,L200314,Luke Ridnour,74,167,02/13/1981,35,PG,14,2003,75.0,95.5,5.3,26.0,32.5,33.0,35.4,20.2,6.3,14.6,43.2,3.8,8.0,47.3,2.5,6.6,38.2,5.0,5.7,88.0,0.6,2.9,3.5,6.8,2.0,0.1,4.0,2.4
40,T200316,Troy Bell,74,178,11/10/1980,35,G,16,2003,77.0,97.5,5.3,34.5,41.0,31.0,38.6,25.0,7.2,16.3,44.1,3.8,7.8,48.4,3.4,8.4,40.2,7.3,8.6,84.7,1.5,3.0,4.5,3.7,2.2,0.2,2.5,2.1
41,D200318,David West,81,226,08/29/1980,35,PF,18,2003,88.25,108.5,8.0,28.5,31.5,32.0,36.5,21.7,7.2,14.0,51.3,6.9,13.1,52.4,0.3,0.9,34.6,7.1,8.6,81.6,3.4,9.4,12.8,3.4,1.4,1.7,2.9,3.2
42,D200320,Dahntay Jones,78,214,12/27/1980,35,SG,20,2003,81.0,102.5,2.6,30.0,39.5,33.0,30.7,21.4,7.3,15.5,47.0,5.5,11.1,49.8,1.7,4.3,39.8,5.1,6.9,74.9,1.7,4.9,6.6,1.1,1.4,0.7,2.3,3.7
43,B200324,Brian Cook,83,234,12/04/1980,35,PF,24,2003,86.0,109.0,10.5,25.0,29.0,30.0,31.3,25.7,8.7,18.1,47.9,7.5,14.3,52.6,1.2,3.8,30.3,7.2,8.8,82.0,1.9,7.9,9.7,2.6,0.9,0.6,3.6,3.8
44,J200329,Josh Howard,78,202,04/28/1980,36,SF,29,2003,86.0,105.5,6.0,33.0,36.5,31.0,32.3,23.7,8.0,16.7,47.7,5.9,11.2,52.8,2.1,5.6,37.3,5.7,6.8,83.3,4.0,6.1,10.1,2.3,2.5,1.9,3.2,3.5
45,J200331,Jason Kapono,80,215,02/02/1981,35,SF,31,2003,78.5,102.0,11.7,23.5,30.0,29.0,33.4,18.5,6.5,14.2,45.7,4.1,8.1,50.2,2.4,6.1,39.8,3.1,3.5,88.0,2.0,3.8,5.7,2.2,0.6,0.0,2.3,2.5
46,L200332,Luke Walton,81,235,03/28/1980,36,PF,32,2003,80.5,104.0,9.3,28.0,0.0,28.0,27.6,13.9,4.9,11.8,42.0,3.7,8.4,43.4,1.3,3.4,38.4,2.7,4.0,67.8,1.8,5.4,7.3,6.6,1.2,0.3,3.6,2.6
47,T200337,Travis Hansen,77,200,04/15/1978,38,SG,37,2003,78.5,100.5,6.0,31.5,35.0,32.0,32.0,21.8,6.9,15.5,44.1,5.4,11.2,48.0,1.5,4.3,34.0,6.6,8.3,79.9,2.2,4.0,6.2,3.1,1.2,0.8,3.4,3.9
48,D200340,Derrick Zimmerman,74,190,12/02/1981,34,PG,40,2003,81.0,98.5,5.3,34.0,40.5,31.0,33.1,11.1,4.0,8.3,47.6,3.4,6.3,53.8,0.6,2.1,28.8,2.5,3.9,65.6,1.0,4.1,5.1,6.9,2.3,1.0,4.2,2.6
49,W200341,Willie Green,75,201,07/28/1981,34,SG,41,2003,79.25,100.0,8.0,28.5,38.5,30.0,34.0,28.0,10.1,20.6,49.0,8.6,16.5,51.9,1.5,4.1,37.4,6.3,7.8,80.5,1.3,4.8,6.1,3.1,1.7,0.5,2.8,2.9
50,K200343,Keith Bogans,77,210,05/12/1980,35,SG,43,2003,81.25,101.0,8.0,29.5,35.0,36.0,29.7,21.0,7.2,15.8,45.6,4.3,8.1,52.8,3.0,7.8,38.3,3.6,4.8,73.8,1.5,3.6,5.1,3.7,1.6,0.1,2.9,2.2
51,M200345,Matt Bonner,82,242,04/05/1980,36,PF,45,2003,80.75,105.5,13.6,27.0,32.0,33.0,31.4,19.6,7.1,13.9,51.0,4.6,8.7,53.1,2.5,5.2,47.4,2.9,3.9,73.3,2.7,5.1,7.8,1.9,1.4,0.8,2.1,2.7
52,M200347,Maurice Williams,74,189,12/19/1982,33,PG,47,2003,77.5,98.5,6.7,0.0,0.0,29.0,35.8,18.9,6.3,15.5,40.9,4.1,8.4,48.8,2.3,7.1,31.7,3.9,4.6,83.8,1.2,3.3,4.5,4.4,1.4,0.2,3.4,2.4
53,J200349,James Jones,81,218,10/04/1980,35,SF,49,2003,86.5,107.5,6.7,30.5,33.0,28.0,34.2,18.9,6.3,14.1,44.7,4.7,10.1,46.6,1.6,4.0,40.0,4.7,5.6,83.6,2.1,4.7,6.8,2.0,1.8,2.0,2.8,3.1
54,K200351,Kyle Korver,80,211,03/17/1981,35,SF,51,2003,81.5,102.5,6.7,25.5,31.5,34.0,31.8,22.2,6.7,14.3,46.8,2.0,4.5,44.3,4.7,9.9,48.0,4.0,4.4,90.8,1.7,6.3,8.0,3.8,1.8,0.8,2.5,3.3
55,T200353,Tommy Smith,82,200,12/04/1980,35,PF,53,2003,86.25,107.5,6.7,30.0,33.0,32.0,29.1,14.9,5.9,11.9,49.3,5.7,11.2,50.7,0.2,0.8,27.8,2.9,5.1,57.4,3.0,5.3,8.3,3.5,1.3,2.9,4.1,4.4
56,B200356,Brandon Hunter,80,266,11/24/1980,35,F,56,2003,86.75,105.5,8.0,32.5,35.0,30.0,38.3,22.2,7.5,14.3,52.3,7.1,13.0,54.5,0.4,1.3,29.7,6.9,11.5,59.4,3.3,9.8,13.0,2.7,0.9,1.2,3.7,2.9
57,E20042,Emeka Okafor,82,257,09/28/1982,33,C,2,2004,88.0,110.5,0.0,31.5,34.0,36.0,32.4,21.1,8.7,14.5,59.9,8.7,14.5,59.9,0.0,0.0,0.0,3.7,7.2,51.8,4.6,9.2,13.8,1.2,1.2,4.9,2.8,2.8
58,B20043,Ben Gordon,74,192,04/04/1983,33,SG,3,2004,80.5,99.0,0.0,31.5,37.5,39.0,34.5,20.8,6.9,15.8,43.4,3.9,8.9,43.4,3.0,6.9,43.3,4.1,4.9,82.9,1.0,4.3,5.3,5.1,1.5,0.2,3.1,2.6
59,D20045,Devin Harris,75,170,02/27/1983,33,PG,5,2004,79.5,98.5,0.0,30.5,37.0,32.0,36.3,23.7,7.2,15.7,45.9,4.3,8.0,54.0,2.8,7.6,37.3,6.5,8.2,79.2,0.8,4.5,5.3,5.4,2.1,0.2,2.5,2.4
60,J20046,Josh Childress,79,196,06/20/1983,32,SF,6,2004,83.0,105.0,0.0,29.0,36.0,23.0,29.8,21.3,7.3,15.0,48.8,5.3,9.9,53.6,2.0,5.1,39.5,4.6,5.6,82.1,2.6,7.6,10.2,3.6,1.2,2.2,3.0,3.2
61,L20047,Luol Deng,80,220,04/16/1985,31,SF,7,2004,84.5,108.5,0.0,27.5,31.5,37.0,31.1,18.8,7.1,14.9,47.5,5.7,11.1,51.4,1.3,3.7,36.0,3.3,4.6,71.0,2.8,5.8,8.6,2.3,1.6,1.3,2.8,2.8
62,A20049,Andre Iguodala,79,217,01/28/1984,32,SF,9,2004,83.0,105.5,0.0,30.5,34.5,30.0,32.1,14.4,5.1,11.2,45.0,4.2,8.5,49.3,0.9,2.7,31.5,3.5,4.4,78.8,2.7,6.7,9.4,5.5,1.8,0.4,3.1,2.8
63,L200410,Luke Jackson,79,212,11/06/1981,34,SF,10,2004,80.5,103.0,0.0,26.5,36.0,31.0,34.6,23.7,7.6,15.5,48.8,4.9,9.5,51.9,2.6,6.0,44.0,5.9,6.8,86.2,2.1,6.0,8.0,5.0,1.4,0.2,3.4,1.9
64,K200414,Kris Humphries,81,238,02/06/1985,31,PF,14,2004,84.5,106.5,0.0,29.5,36.0,29.0,34.1,25.0,8.8,19.8,44.4,8.1,17.8,45.5,0.7,2.0,34.0,6.8,9.1,74.2,3.6,8.0,11.7,0.8,1.1,1.3,3.3,2.6
65,K200416,Kirk Snyder,79,228,06/05/1983,32,SG,16,2004,81.0,104.0,0.0,30.0,35.0,34.0,31.7,23.1,7.6,17.5,43.1,5.6,11.9,47.0,2.0,5.6,34.8,6.0,8.2,73.1,2.4,4.7,7.1,4.2,1.3,0.8,4.3,2.6
66,J200420,Jameer Nelson,72,193,02/09/1982,34,PG,20,2004,74.5,95.0,0.0,28.5,33.5,32.0,33.9,24.4,8.7,18.3,47.5,6.0,11.4,52.6,2.7,6.9,39.0,4.4,5.5,79.2,1.2,4.3,5.6,6.3,3.5,0.0,3.4,2.2
67,D200424,Delonte West,75,183,07/26/1983,32,SG,24,2004,78.0,99.5,0.0,30.0,35.0,32.0,33.5,22.7,8.0,15.6,51.0,5.9,10.5,55.7,2.1,5.1,41.2,4.7,5.2,89.2,1.4,5.0,6.5,5.7,2.1,0.2,3.1,2.3
68,T200425,Tony Allen,76,214,01/11/1982,34,SG,25,2004,81.0,102.0,0.0,31.5,36.5,35.0,31.6,20.4,7.4,14.7,50.4,6.6,12.1,55.0,0.8,2.7,29.7,4.8,7.1,67.5,2.3,4.7,7.0,4.0,2.6,1.1,3.6,3.8
69,J200431,Jackson Vroman,83,226,06/06/1981,34,PF,31,2004,84.0,105.5,0.0,29.5,33.5,32.0,30.7,17.2,7.2,12.8,56.4,7.2,12.5,57.3,0.0,0.3,14.3,2.8,5.5,50.7,4.6,7.3,11.9,2.9,1.8,0.9,3.9,4.3
70,A200435,Andre Emmett,76,217,08/27/1982,33,SG,35,2004,81.0,100.0,0.0,0.0,0.0,34.0,37.0,21.9,8.1,15.4,52.6,7.6,14.0,54.3,0.5,1.4,35.6,5.1,7.0,73.0,2.2,4.9,7.0,1.9,1.4,0.3,2.2,1.5
71,A200436,Antonio Burks,73,191,02/25/1980,36,PG,36,2004,78.5,96.5,0.0,0.0,0.0,30.0,34.3,18.6,6.8,14.4,47.4,4.6,9.0,51.1,2.2,5.3,41.3,2.8,4.4,63.2,0.6,3.1,3.7,6.4,2.8,0.3,2.9,2.7
72,C200438,Chris Duhon,73,193,08/31/1982,33,PG,38,2004,78.5,98.0,0.0,31.5,35.0,37.0,35.4,10.9,4.1,9.1,44.8,3.2,6.3,51.4,0.9,2.8,30.2,1.9,2.7,72.2,0.9,3.5,4.4,6.6,2.4,0.2,3.1,2.2
73,T200443,Trevor Ariza,80,201,06/30/1985,30,SF,43,2004,86.0,107.5,0.0,29.5,32.0,25.0,31.6,14.8,5.5,12.9,42.6,4.6,9.0,50.9,0.9,3.9,23.7,2.9,5.8,50.4,3.1,5.2,8.3,2.7,2.2,0.6,4.2,3.5
74,T200444,Tim Pickett,76,207,04/18/1981,35,SG,44,2004,79.5,100.5,0.0,0.0,0.0,33.0,29.8,21.6,7.4,17.0,43.3,3.0,6.3,47.8,4.4,10.7,40.7,2.5,3.3,75.9,1.3,4.6,5.9,2.7,3.3,0.4,3.1,3.3
75,P200447,Pape Sow,82,233,11/22/1981,34,PF,47,2004,86.0,108.5,0.0,28.0,31.5,28.0,32.2,21.1,7.0,14.1,49.4,6.6,13.1,50.7,0.3,1.0,33.3,6.8,10.1,67.5,3.8,8.1,11.9,1.1,1.9,0.7,3.7,4.4
76,R200448,Ricky Minard,76,198,09/11/1982,33,SG,48,2004,79.0,101.5,0.0,27.5,33.0,29.0,34.3,24.9,8.3,18.4,45.1,6.5,12.9,50.3,1.8,5.4,32.6,6.5,8.4,77.6,1.7,6.7,8.4,5.8,2.4,0.6,4.2,2.9
77,R200452,Romain Sato,75,204,03/02/1981,35,SG,52,2004,83.0,102.5,0.0,31.5,35.5,37.0,36.9,18.3,5.4,13.4,40.4,3.1,6.9,45.6,2.3,6.5,34.9,5.1,6.2,82.9,2.3,6.7,9.0,2.5,1.4,0.2,1.9,2.7
78,M200453,Matt Freije,81,234,10/02/1981,34,PF,53,2004,85.0,108.5,0.0,29.5,31.0,33.0,29.8,24.8,7.5,18.2,41.5,5.0,11.1,45.2,2.5,7.1,35.6,7.1,9.1,78.8,2.7,4.6,7.3,1.2,0.9,0.9,1.4,2.2
79,R200454,Rickey Paulding,76,210,10/23/1982,33,SG,54,2004,81.5,101.5,0.0,30.0,36.0,30.0,35.0,17.0,5.4,13.6,39.7,3.4,7.7,43.9,2.0,5.9,34.2,4.2,5.3,78.7,2.1,2.7,4.8,3.2,1.2,0.5,2.9,2.2
80,L200455,Luis Flores,74,202,04/11/1981,35,G,55,2004,79.5,98.5,0.0,29.0,32.0,31.0,36.2,26.3,8.3,18.7,44.2,5.9,12.3,47.8,2.4,6.4,37.4,7.4,8.5,86.3,1.3,3.0,4.3,1.8,2.1,0.1,2.6,2.7
81,M200456,Marcus Douthit,83,223,04/15/1980,36,C,56,2004,88.0,111.5,0.0,25.5,31.5,29.0,29.7,10.7,3.9,8.7,44.6,3.9,8.7,44.6,0.0,0.0,0.0,3.0,3.9,76.8,2.4,5.7,8.1,3.0,2.1,4.4,3.6,4.1
82,R200459,Rashad Wright,74,190,03/17/1982,34,PG,59,2004,82.0,98.5,0.0,28.5,32.5,29.0,37.1,16.1,5.2,12.2,42.4,2.6,5.7,45.6,2.6,6.5,39.6,3.2,4.6,68.3,0.5,2.8,3.3,3.4,2.0,0.5,2.4,2.0
83,A20051,Andrew Bogut,84,251,11/28/1984,31,C,1,2005,87.0,110.5,0.0,27.5,33.5,35.0,35.0,26.2,10.3,16.6,62.0,10.0,15.7,63.6,0.3,0.9,36.0,5.3,7.6,69.2,4.8,10.9,15.6,3.0,1.2,2.4,3.5,2.9
84,M20052,Marvin Williams,80,228,06/19/1986,29,PF,2,2005,87.5,108.0,0.0,29.5,35.0,36.0,22.2,18.1,5.6,11.0,50.6,4.7,9.0,52.2,0.8,2.0,43.2,6.1,7.2,84.7,2.9,7.6,10.5,1.2,1.7,0.8,2.5,4.1
85,D20053,Deron Williams,75,202,06/26/1984,31,PG,3,2005,78.25,98.0,0.0,30.0,35.0,39.0,33.7,15.4,5.6,12.9,43.3,3.5,7.0,49.1,2.1,5.9,36.4,2.0,3.0,67.7,0.4,4.0,4.5,8.3,1.2,0.3,3.4,2.5
86,C20054,Chris Paul,73,178,05/07/1985,31,PG,4,2005,76.25,93.0,0.0,32.0,38.0,32.0,33.4,16.9,5.0,11.0,45.1,3.4,7.6,44.1,1.6,3.4,47.4,5.4,6.5,83.4,0.8,4.2,5.0,7.4,2.6,0.0,3.1,2.8
87,R20055,Raymond Felton,72,199,06/26/1984,31,PG,5,2005,76.25,98.0,0.0,29.0,33.5,36.0,31.7,14.5,4.7,10.3,45.5,2.5,5.3,46.8,2.2,5.0,44.0,2.9,4.2,70.1,0.7,4.1,4.8,7.8,2.2,0.3,4.0,2.2
88,C20057,Charlie Villanueva,81,237,08/24/1984,31,PF,7,2005,84.25,109.0,0.0,26.0,31.0,31.0,25.8,19.7,7.4,14.3,52.1,7.2,13.7,52.2,0.3,0.6,50.0,4.5,6.6,68.8,3.8,8.2,12.0,1.9,0.9,2.7,3.3,3.2
89,C20058,Channing Frye,82,244,05/17/1983,32,C,8,2005,86.5,110.5,0.0,27.5,31.0,37.0,31.0,19.4,7.5,13.6,55.4,7.4,13.0,57.0,0.1,0.6,17.6,4.2,5.1,83.0,3.4,5.9,9.4,2.4,1.2,2.8,2.1,3.2
90,I20059,Ike Diogu,80,255,09/12/1983,32,PF,9,2005,87.5,109.0,0.0,28.0,31.0,32.0,36.4,23.9,7.5,13.1,57.5,7.0,11.6,59.8,0.6,1.5,40.0,8.2,10.2,79.7,3.9,6.4,10.3,1.4,0.6,2.5,3.8,2.9
91,S200513,Sean May,80,259,04/05/1984,32,PF,13,2005,85.25,105.0,0.0,30.0,33.0,37.0,26.8,23.2,8.2,14.4,56.7,8.2,14.3,57.1,0.0,0.1,0.0,6.8,9.0,75.8,5.1,9.1,14.2,2.2,1.5,1.4,3.4,3.2
92,R200514,Rashad McCants,76,201,09/24/1984,31,SG,14,2005,82.75,103.5,0.0,32.5,34.5,33.0,25.9,21.9,7.6,15.5,48.9,4.7,8.6,54.4,3.0,7.0,42.3,3.8,5.2,72.2,1.1,3.0,4.1,3.7,1.8,0.9,2.6,3.3
93,A200515,Antoine Wright,78,203,02/06/1984,32,SG,15,2005,80.75,104.5,0.0,26.5,29.5,31.0,33.9,21.4,7.5,14.9,50.1,4.7,8.7,54.0,2.7,6.2,44.7,3.7,5.4,69.1,2.0,5.2,7.2,2.7,1.4,0.9,2.9,3.1
94,J200516,Joey Graham,78,217,06/21/1982,33,SF,16,2005,80.0,104.0,0.0,30.0,36.0,33.0,30.6,23.1,7.9,15.0,52.9,6.9,12.9,53.8,1.0,2.2,47.3,6.2,7.0,88.7,2.1,6.0,8.1,2.6,1.2,0.2,3.5,4.0
95,D200517,Danny Granger,80,225,04/11/1983,33,SF,17,2005,85.5,103.0,0.0,31.0,34.0,30.0,30.0,25.3,8.2,15.7,52.4,6.2,11.0,56.3,2.0,4.7,43.3,6.9,9.2,75.5,3.1,8.8,11.9,3.2,2.8,2.7,3.2,3.2
96,H200519,Hakim Warrick,80,215,07/09/1982,33,PF,19,2005,86.0,108.0,0.0,33.0,38.0,34.0,37.5,22.6,7.9,14.4,54.8,7.6,13.4,56.6,0.3,1.0,29.0,6.6,9.7,68.1,3.3,5.9,9.2,1.6,1.0,0.8,2.7,2.5
97,J200520,Julius Hodge,79,202,11/20/1983,32,PG,20,2005,84.5,107.5,0.0,24.5,29.0,34.0,34.6,20.0,6.8,13.9,49.3,6.4,12.0,53.0,0.5,1.9,25.5,5.9,8.8,66.8,2.9,4.9,7.8,5.6,1.7,0.8,3.1,2.6
98,N200521,Nate Robinson,69,181,06/01/1984,31,PG,21,2005,73.0,91.5,0.0,35.5,43.5,35.0,31.5,18.9,6.2,13.4,46.3,4.1,8.1,51.4,2.0,5.3,38.5,4.5,5.7,78.2,1.7,2.7,4.4,5.2,2.0,0.2,2.3,3.3
99,J200522,Jarrett Jack,75,198,10/28/1983,32,PG,22,2005,79.5,100.0,0.0,26.0,28.5,32.0,34.1,17.2,5.7,11.0,51.4,4.1,7.4,54.9,1.6,3.6,44.2,4.3,4.9,86.6,0.3,5.1,5.4,5.0,2.0,0.1,3.8,1.9
100,F200523,Francisco Garcia,79,190,12/31/1981,34,SG,23,2005,82.75,103.0,0.0,27.5,31.5,38.0,31.9,19.1,6.0,13.7,43.7,3.7,7.5,49.6,2.3,6.2,36.6,4.8,5.5,87.7,1.4,3.6,5.1,4.7,2.1,1.8,3.3,3.5
101,L200524,Luther Head,75,179,11/28/1982,33,SG,24,2005,77.25,98.5,0.0,31.5,38.5,39.0,33.3,19.8,6.8,14.7,46.3,3.1,5.7,54.7,3.7,9.0,41.0,2.5,3.2,78.8,0.8,4.2,4.9,4.8,2.1,0.3,2.2,1.7
102,J200526,Jason Maxiell,78,258,02/19/1983,33,PF,26,2005,87.25,107.0,0.0,0.0,0.0,33.0,31.4,18.9,6.1,11.3,54.3,6.1,11.1,54.5,0.1,0.2,40.0,6.6,10.2,64.5,4.0,5.5,9.5,1.0,1.2,3.4,2.4,3.1
103,W200529,Wayne Simien,81,256,03/11/1983,33,PF,29,2005,84.0,107.0,0.0,27.0,27.5,26.0,34.3,23.3,8.4,15.2,55.2,8.2,14.6,56.3,0.2,0.6,28.6,6.3,7.7,81.6,3.7,8.9,12.6,1.6,0.7,0.7,2.6,3.0
104,D200530,David Lee,81,230,04/30/1983,33,PF,30,2005,84.0,106.5,0.0,30.5,32.5,32.0,28.0,19.4,7.1,13.6,52.5,7.1,13.4,53.2,0.0,0.2,0.0,5.1,7.2,71.4,3.5,9.3,12.8,3.1,1.5,1.1,3.8,3.4
105,B200533,Brandon Bass,79,246,05/01/1985,31,PF,33,2005,86.5,106.5,0.0,31.5,33.0,30.0,33.6,20.4,7.1,12.5,56.7,6.6,11.5,57.7,0.5,1.0,46.2,5.7,7.4,77.7,3.2,7.4,10.7,1.0,0.9,1.9,2.1,2.9
106,R200537,Ronny Turiaf,81,238,01/13/1983,33,PF,37,2005,85.5,106.5,0.0,30.5,33.0,31.0,31.2,20.3,6.5,12.7,50.8,6.4,12.5,51.3,0.1,0.3,28.6,7.3,10.7,68.3,3.1,9.1,12.2,2.0,0.5,2.4,2.9,3.4
107,T200538,Travis Diener,73,165,03/02/1982,34,PG,38,2005,71.75,93.5,0.0,24.5,31.0,23.0,34.0,24.9,7.2,17.1,42.0,3.5,7.9,43.8,3.7,9.2,40.5,6.8,8.1,83.8,0.8,4.1,4.9,8.8,1.7,0.1,3.2,2.5
108,C200542,Chris Taft,81,261,03/10/1985,31,PF,42,2005,85.75,109.0,0.0,28.5,33.0,29.0,26.5,20.8,8.6,14.8,58.0,8.6,14.8,58.0,0.0,0.0,0.0,3.7,6.3,58.6,4.7,7.0,11.7,1.3,0.6,2.7,2.5,2.6
109,B200547,Bracey Wright,74,187,07/02/1984,31,SG,47,2005,82.0,100.5,0.0,30.0,36.0,26.0,35.3,22.5,7.1,17.2,41.3,4.7,10.0,47.4,2.4,7.2,32.9,6.0,7.6,78.3,1.6,4.3,5.9,3.3,1.4,0.7,3.2,2.4
110,R200550,Ryan Gomes,80,248,09/02/1982,33,SF,50,2005,86.0,106.5,0.0,26.5,30.5,31.0,37.5,22.2,8.2,16.5,49.6,6.5,11.9,54.0,1.7,4.5,38.0,4.1,5.3,77.0,2.8,5.6,8.4,3.3,1.6,0.2,2.5,1.7
111,R200551,Robert Whaley,81,269,04/16/1982,34,PF,51,2005,86.0,108.0,0.0,28.5,33.5,22.0,13.0,17.6,6.6,19.1,34.8,6.6,18.9,35.0,0.0,0.1,0.0,4.3,6.5,66.0,3.2,4.3,7.5,1.9,0.8,1.1,3.3,6.5
112,D200554,Dijon Thompson,80,196,02/03/1983,33,SF,54,2005,81.75,105.5,0.0,0.0,0.0,28.0,34.6,20.1,7.1,15.1,47.4,5.5,10.6,51.7,1.7,4.5,37.4,4.2,5.3,78.7,2.0,6.6,8.7,2.5,1.6,0.4,3.6,2.4
113,L200555,Lawrence Roberts,81,233,10/21/1982,33,PF,55,2005,81.5,106.5,0.0,27.5,33.0,32.0,32.0,20.7,6.5,14.6,44.8,6.1,13.0,46.6,0.5,1.6,29.3,7.2,11.0,65.3,4.2,9.2,13.4,2.3,1.9,1.0,3.3,2.6
114,A200560,Alex Acker,77,183,01/22/1983,33,PG,60,2005,84.0,102.5,0.0,28.0,32.0,31.0,37.2,16.9,6.0,13.4,45.0,4.1,8.9,45.9,1.9,4.5,43.1,3.0,3.5,85.8,1.4,5.2,6.6,3.7,1.3,0.5,2.7,1.9
115,L20062,LaMarcus Aldridge,83,234,07/19/1985,30,PF,2,2006,88.75,110.0,8.7,26.5,34.0,37.0,33.7,18.1,7.1,12.5,56.9,7.1,12.5,56.9,0.0,0.0,0.0,3.8,5.9,64.6,4.4,6.6,11.0,0.7,1.6,2.4,1.9,3.0
116,A20063,Adam Morrison,80,198,07/20/1984,31,SF,3,2006,82.0,105.0,6.8,25.5,30.5,33.0,36.5,29.3,9.7,19.5,49.6,7.3,14.0,52.3,2.3,5.5,42.8,7.6,9.8,77.2,1.5,4.3,5.8,1.8,1.1,0.3,2.4,2.1
117,T20064,Tyrus Thomas,80,217,08/17/1986,29,PF,4,2006,87.0,108.0,5.6,34.0,39.5,32.0,25.9,18.3,7.1,11.6,60.8,7.0,11.6,60.6,0.0,0.0,100.0,4.2,6.4,65.7,4.2,9.5,13.7,1.9,1.5,4.6,2.7,3.8
118,S20065,Shelden Williams,80,258,10/22/1983,32,PF,5,2006,88.25,104.0,11.4,29.0,33.5,36.0,33.3,21.3,7.4,12.9,57.8,7.4,12.7,58.2,0.1,0.2,33.3,6.3,8.5,74.4,3.7,8.4,12.1,1.2,1.9,4.3,2.8,3.6
119,B20066,Brandon Roy,78,207,07/23/1984,31,SG,6,2006,80.0,101.0,7.6,34.0,40.5,33.0,31.7,23.4,8.0,15.8,50.8,6.6,12.4,53.7,1.4,3.4,40.2,6.0,7.4,81.0,2.4,4.1,6.5,4.7,1.6,0.9,2.6,2.8
120,R20067,Randy Foye,75,212,09/24/1983,32,SG,7,2006,78.25,97.0,10.0,32.0,38.0,33.0,34.7,23.8,7.9,19.3,41.1,4.8,10.4,46.3,3.1,8.9,35.0,4.8,6.0,79.1,1.9,4.8,6.7,3.5,1.6,0.7,2.5,2.5
121,R20068,Rudy Gay,80,222,08/17/1986,29,SF,8,2006,87.0,107.2,5.7,33.0,40.5,33.0,30.8,18.4,6.8,14.8,46.1,5.8,11.6,50.0,1.0,3.2,31.8,3.7,5.0,73.2,2.4,5.3,7.7,2.5,2.1,1.9,3.0,2.7
122,H200612,Hilton Armstrong,82,240,11/25/1984,31,PF,12,2006,88.0,109.0,6.3,28.5,31.5,34.0,27.7,12.9,4.6,7.6,60.8,4.6,7.5,60.9,0.0,0.1,50.0,3.6,5.2,69.2,2.7,6.2,8.9,1.0,0.8,4.2,3.0,3.7
123,R200614,Ronnie Brewer,79,223,03/21/1985,31,SG,14,2006,83.25,103.5,5.0,35.0,41.0,32.0,34.8,20.7,6.9,15.7,44.1,5.1,10.4,49.3,1.8,5.3,33.8,5.1,6.7,75.0,1.4,4.0,5.4,3.7,2.9,0.5,2.5,1.6
124,C200615,Cedric Simmons,81,223,01/03/1986,30,PF,15,2006,88.25,108.5,5.6,30.5,35.0,32.0,27.5,17.1,5.8,9.9,58.7,5.7,9.8,58.3,0.1,0.1,100.0,5.4,8.0,67.8,2.5,6.7,9.2,2.4,1.0,3.6,2.7,4.4
125,R200616,Rodney Carney,78,204,04/05/1984,32,SF,16,2006,82.0,103.5,5.3,32.0,38.5,37.0,27.2,23.3,8.0,18.5,43.6,4.3,8.9,48.4,3.7,9.5,39.1,3.4,4.8,71.2,2.1,3.7,5.8,1.7,1.8,0.9,2.0,3.1
126,S200617,Shawne Williams,81,227,02/16/1986,30,SF,17,2006,87.0,104.0,8.0,32.0,31.0,36.0,27.3,17.8,5.8,14.1,41.6,4.0,8.3,48.9,1.8,5.8,31.2,4.3,5.4,78.6,2.3,6.0,8.3,2.5,1.9,1.8,3.0,3.9
127,R200620,Renaldo Balkman,78,206,07/14/1984,31,SF,20,2006,85.0,104.5,4.9,30.5,35.0,38.0,25.7,16.2,6.7,11.1,60.8,6.6,10.5,62.4,0.2,0.6,30.8,2.5,4.6,53.8,3.6,7.0,10.6,3.2,2.9,2.1,2.9,3.7
128,J200626,Jordan Farmar,74,171,11/30/1986,29,PG,26,2006,75.0,94.5,4.4,33.5,42.0,37.0,30.4,18.9,6.5,16.0,41.0,4.1,8.8,47.2,2.4,7.2,33.3,3.5,4.8,71.7,0.8,2.8,3.6,7.2,1.6,0.3,5.1,2.4
129,M200628,Maurice Ager,76,203,02/09/1984,32,SG,28,2006,79.75,101.5,8.0,29.5,35.0,34.0,34.4,22.3,7.7,16.9,45.7,4.9,9.3,52.2,2.8,7.5,37.6,4.1,5.4,76.1,0.8,3.9,4.7,2.9,0.8,0.4,3.0,2.8
130,M200629,Mardy Collins,77,224,08/04/1984,31,PG,29,2006,82.0,103.0,10.0,31.5,37.5,32.0,37.9,19.6,7.4,17.1,43.2,5.9,12.1,48.3,1.5,5.0,30.7,3.3,5.5,59.6,1.7,3.8,5.5,4.6,3.3,0.2,2.4,2.6
131,S200632,Steve Novak,81,216,06/13/1984,31,SF,32,2006,81.5,103.0,8.1,24.5,31.0,31.0,33.8,19.9,6.4,13.3,47.7,1.9,3.8,50.0,4.4,9.5,46.7,2.7,2.8,97.4,1.2,5.5,6.7,1.4,0.7,0.1,1.2,2.4
132,S200633,Solomon Jones,82,224,07/16/1984,31,PF,33,2006,88.0,109.0,7.4,32.0,39.0,29.0,36.4,14.9,5.4,11.2,48.4,5.4,11.1,48.8,0.0,0.1,0.0,4.1,5.3,77.8,3.6,7.5,11.1,1.5,1.0,3.4,3.9,3.9
133,C200636,Craig Smith,78,259,11/11/1983,32,PF,36,2006,81.5,103.5,12.2,30.0,29.5,36.0,36.3,19.9,7.7,13.4,57.3,7.6,13.0,58.7,0.0,0.4,8.3,4.6,7.2,64.3,3.5,7.2,10.7,3.4,1.4,0.9,2.8,3.4
134,B200637,Bobby Jones,79,211,01/09/1984,32,SF,37,2006,81.5,101.5,8.0,28.5,34.5,33.0,26.5,14.4,4.7,10.0,47.3,3.5,6.3,55.6,1.2,3.7,33.0,3.7,5.0,74.6,2.9,3.9,6.8,1.8,1.7,0.7,2.8,4.4
135,D200639,David Noel,78,223,02/27/1984,32,SF,39,2006,81.5,100.0,6.1,34.5,38.5,31.0,33.7,14.3,5.6,10.6,53.2,4.2,7.3,58.0,1.4,3.3,42.4,1.6,2.6,62.5,2.7,4.8,7.5,3.8,1.2,0.8,3.4,3.0
136,D200640,Denham Brown,77,218,01/07/1983,33,SG,40,2006,81.5,102.5,9.0,28.0,34.5,32.0,23.6,16.8,5.7,14.2,40.3,4.3,9.7,43.9,1.5,4.5,32.6,3.9,4.5,86.8,2.1,4.9,6.9,2.2,1.2,0.6,2.6,2.6
137,J200641,James Augustine,82,227,02/27/1984,32,PF,41,2006,84.25,104.0,5.5,30.0,32.5,33.0,32.7,17.5,6.8,10.9,62.4,6.8,10.8,62.5,0.0,0.1,50.0,3.9,5.9,65.1,3.9,7.8,11.7,2.3,1.8,0.9,2.6,3.3
138,D200646,Dee Brown,72,179,08/17/1984,31,PG,46,2006,74.0,94.0,0.0,0.0,0.0,33.0,35.8,16.7,5.6,15.6,35.9,2.8,6.9,40.7,2.8,8.7,32.1,2.8,3.7,75.7,0.5,3.1,3.6,6.8,1.9,0.0,3.3,2.2
139,P200647,Paul Millsap,79,258,02/12/1985,31,PF,47,2006,85.5,105.5,9.7,28.5,32.5,33.0,34.1,22.7,9.0,15.9,57.1,8.9,15.4,57.8,0.2,0.5,35.7,4.5,7.2,62.3,6.9,8.5,15.4,1.3,2.2,2.7,2.9,3.5
140,R200650,Ryan Hollins,83,225,10/10/1984,31,C,50,2006,86.0,110.0,0.0,0.0,0.0,33.0,21.5,13.9,5.0,8.1,61.9,5.0,8.1,61.9,0.0,0.0,0.0,3.9,6.5,60.2,3.9,5.5,9.5,0.6,0.4,1.7,2.3,5.1
141,W200660,Will Blalock,72,194,09/08/1983,32,PG,60,2006,78.0,96.5,7.2,35.0,40.0,30.0,35.7,15.8,6.1,13.6,44.7,4.5,9.6,46.8,1.6,4.1,39.8,2.1,3.1,65.9,0.8,2.6,3.4,6.3,2.2,0.1,3.1,1.9
142,G20071,Greg Oden,84,257,01/23/1988,28,C,1,2007,88.25,112.0,7.8,32.0,34.0,32.0,28.9,22.3,8.4,13.7,61.6,8.4,13.7,61.6,0.0,0.0,0.0,5.5,8.7,62.8,5.0,8.6,13.6,0.9,0.8,4.7,2.8,3.9
143,K20072,Kevin Durant,82,215,09/29/1988,27,SF,2,2007,88.75,110.0,6.6,26.0,33.5,35.0,35.9,27.0,9.2,19.4,47.3,6.7,13.3,50.5,2.5,6.1,40.4,6.3,7.7,81.6,3.2,8.5,11.7,1.4,2.0,2.0,3.0,2.1
144,A20073,Al Horford,82,246,06/03/1986,29,PF,3,2007,84.75,107.0,9.1,31.0,35.5,38.0,27.8,19.0,7.0,11.6,60.8,7.0,11.5,61.4,0.0,0.1,0.0,4.9,7.6,64.4,3.6,10.0,13.6,3.1,1.1,2.6,2.6,3.6
145,J20075,Jeff Green,81,228,08/28/1986,29,SF,5,2007,85.25,103.0,3.7,33.5,38.0,37.0,33.3,19.2,7.1,13.9,51.3,5.8,10.4,55.9,1.3,3.5,37.5,3.6,4.7,77.5,2.3,6.3,8.6,4.3,1.1,1.6,3.5,3.3
146,C20077,Corey Brewer,80,185,03/05/1986,30,SF,7,2007,80.25,103.0,4.2,30.5,36.5,37.0,28.7,18.4,6.4,13.4,47.5,4.9,8.9,54.4,1.5,4.5,33.6,4.2,5.8,72.3,1.5,5.0,6.5,4.1,2.6,0.6,3.5,2.7
147,B20078,Brandan Wright,82,200,10/07/1987,28,PF,8,2007,87.75,108.5,5.8,30.5,35.5,37.0,27.4,19.5,8.1,12.6,64.6,8.1,12.6,64.6,0.0,0.0,0.0,3.2,5.6,56.7,2.7,5.4,8.2,1.3,1.3,2.3,2.1,2.0
148,J20079,Joakim Noah,84,223,02/25/1985,31,PF,9,2007,85.25,106.5,4.8,32.5,37.5,40.0,25.9,18.5,6.7,11.1,60.5,6.7,11.0,60.4,0.0,0.0,100.0,5.1,7.7,66.3,3.9,9.1,13.0,3.5,1.7,2.8,3.9,3.5
149,S200710,Spencer Hawes,85,244,04/28/1988,28,C,10,2007,84.5,110.0,13.0,26.0,29.0,31.0,28.9,19.4,8.1,15.3,53.2,8.1,15.1,53.3,0.0,0.1,33.3,3.1,4.1,75.5,2.6,5.7,8.3,2.5,0.7,2.3,3.3,2.9
150,A200711,Acie Law,75,186,01/25/1985,31,PG,11,2007,78.5,98.0,5.6,29.0,34.0,34.0,33.9,21.6,7.6,15.2,50.0,6.3,12.3,51.0,1.3,2.9,45.8,5.1,6.5,77.8,0.3,3.7,4.0,6.0,1.4,0.0,3.1,2.9
151,T200712,Thaddeus Young,79,210,06/21/1988,27,SF,12,2007,83.5,106.0,4.9,34.5,37.0,31.0,29.6,18.4,7.3,15.3,47.8,5.7,11.5,49.8,1.6,3.9,41.9,2.2,2.9,74.3,3.0,3.3,6.3,2.6,1.7,0.5,2.8,2.5
152,J200713,Julian Wright,80,211,05/22/1987,28,SF,13,2007,86.25,108.0,6.1,28.5,33.5,38.0,27.6,16.6,6.9,12.6,54.9,6.8,12.2,56.2,0.1,0.5,23.1,2.7,4.3,61.3,3.5,7.4,10.9,3.0,2.0,1.8,3.3,3.4
153,A200714,Al Thornton,79,221,12/07/1983,32,SF,14,2007,85.0,104.0,5.8,35.0,41.0,35.0,31.2,24.9,8.8,16.6,53.0,7.5,13.7,54.9,1.3,2.9,44.4,6.0,7.6,79.0,3.8,5.2,9.1,0.9,1.9,1.4,3.1,3.4
154,R200715,Rodney Stuckey,76,207,04/21/1986,30,PG,15,2007,79.25,100.5,6.1,30.5,35.0,29.0,33.3,26.4,8.4,18.6,45.3,6.8,12.6,54.1,1.6,6.0,26.7,8.0,9.4,84.6,1.3,3.7,5.0,5.9,2.6,0.3,3.6,2.5
155,N200716,Nick Young,79,206,06/03/1985,30,SG,16,2007,84.0,100.5,6.8,39.5,40.5,37.0,33.2,20.7,7.7,14.6,52.5,6.2,11.4,54.9,1.4,3.2,44.0,4.0,5.1,78.6,1.4,4.1,5.5,1.6,0.9,0.3,2.9,2.9
156,J200719,Javaris Crittenton,77,194,12/31/1987,28,PG,19,2007,77.5,98.0,4.5,32.5,38.0,32.0,31.3,17.4,6.0,13.3,45.0,4.6,9.5,48.8,1.4,3.8,35.6,4.1,5.2,78.3,1.1,3.4,4.5,7.0,2.5,0.1,4.7,2.5
157,J200720,Jason Smith,83,233,03/04/1986,30,PF,20,2007,82.75,106.0,7.5,33.5,37.5,30.0,30.2,21.5,7.5,12.9,57.9,7.5,12.8,58.5,0.0,0.1,0.0,6.6,8.5,77.0,4.2,8.8,13.0,2.5,0.7,2.0,4.4,4.0
158,D200721,Daequan Cook,78,203,04/27/1987,29,SG,21,2007,80.25,101.5,7.0,30.0,34.5,39.0,19.7,20.4,7.5,16.9,44.5,4.7,10.0,46.5,2.9,6.9,41.5,2.5,3.5,69.7,1.5,7.4,8.9,2.1,1.5,0.5,3.0,3.5
159,J200722,Jared Dudley,79,219,07/11/1985,30,SF,22,2007,79.0,102.0,7.1,28.0,32.0,30.0,38.4,20.1,6.9,12.2,56.2,5.5,9.1,60.2,1.4,3.1,44.3,5.0,6.7,74.3,3.2,5.5,8.7,3.2,1.5,0.4,2.7,2.3
160,M200725,Morris Almond,78,214,02/02/1985,31,SG,25,2007,82.0,102.5,6.9,31.0,35.5,32.0,33.4,31.1,9.7,20.1,48.3,6.9,13.8,49.6,2.8,6.2,45.6,8.9,10.5,84.6,1.6,6.2,7.7,1.4,1.4,0.9,4.0,2.5
161,A200726,Aaron Brooks,72,161,01/17/1985,31,PG,26,2007,76.0,94.0,2.7,32.5,39.5,35.0,36.8,19.2,6.6,14.3,46.0,4.1,8.2,50.2,2.5,6.1,40.4,3.6,4.2,84.6,1.0,3.6,4.6,4.6,1.5,0.2,2.8,2.7
162,C200731,Carl Landry,80,248,09/19/1983,32,PF,31,2007,83.0,102.5,7.5,31.5,36.5,34.0,30.4,25.2,8.6,14.4,59.7,8.4,13.7,61.8,0.2,0.7,21.1,7.9,10.9,72.6,4.0,5.8,9.8,1.6,1.6,1.3,4.0,3.9
163,G200735,Glen Davis,81,298,01/03/1986,30,C,35,2007,0.0,0.0,0.0,0.0,0.0,29.0,35.0,20.6,7.2,14.8,48.4,6.5,12.9,50.5,0.7,2.0,34.7,5.6,7.9,71.3,4.6,7.7,12.2,2.7,1.3,1.1,3.3,2.7
164,J200736,Jermareo Davidson,83,230,11/17/1984,31,PF,36,2007,88.0,109.5,6.9,27.0,30.0,30.0,32.3,17.1,6.1,15.0,40.7,5.9,14.3,41.4,0.2,0.7,25.0,4.8,6.2,77.5,2.6,7.5,10.1,1.8,0.9,2.9,2.0,2.2
165,J200737,Josh McRoberts,82,240,03/01/1987,29,PF,37,2007,85.0,106.5,13.7,27.5,31.5,33.0,35.3,14.8,5.6,11.3,50.2,5.5,10.5,52.3,0.2,0.8,21.7,3.3,5.0,66.4,2.4,6.6,9.0,3.9,1.3,2.8,2.8,2.9
166,C200741,Chris Richard,81,252,12/25/1984,31,PF,41,2007,88.5,110.5,7.5,26.5,30.5,40.0,18.4,13.5,5.3,7.7,69.0,5.3,7.7,69.0,0.0,0.0,0.0,2.8,4.5,62.7,3.4,4.6,8.0,0.9,0.7,0.7,2.6,5.0
167,A200743,Adam Haluska,77,210,11/18/1983,32,SG,43,2007,80.75,0.0,0.0,0.0,0.0,31.0,34.5,24.2,7.2,17.7,40.8,3.8,8.3,45.9,3.4,9.4,36.3,6.4,7.3,87.0,1.0,4.5,5.5,3.0,1.6,0.3,2.0,2.1
168,R200744,Reyshawn Terry,79,222,04/07/1984,32,SF,44,2007,82.0,103.5,8.9,31.0,37.5,38.0,21.5,16.4,5.8,11.6,49.4,3.8,7.1,53.1,2.0,4.6,43.7,2.9,3.9,73.9,2.1,6.9,9.0,2.8,1.2,1.1,3.1,3.8
169,J200745,Jared Jordan,74,183,10/14/1984,31,PG,45,2007,72.0,94.0,7.0,14.5,28.5,33.0,37.9,17.6,6.1,14.5,42.5,4.4,8.6,51.1,1.7,5.9,29.8,3.6,5.2,69.0,1.4,4.6,6.0,8.9,1.4,0.1,3.4,1.7
170,S200746,Stephane Lasme,79,213,12/17/1982,33,PF,46,2007,86.0,107.0,4.9,29.5,36.0,33.0,30.6,16.4,6.1,9.9,61.1,6.1,9.9,61.1,0.0,0.0,0.0,4.3,6.9,62.2,4.6,7.0,11.6,1.0,1.1,6.2,2.9,4.1
171,D200747,Dominic McGuire,80,220,10/20/1985,30,SF,47,2007,82.5,104.0,4.7,28.5,34.5,32.0,32.9,15.5,5.5,11.7,47.1,4.8,9.3,51.6,0.7,2.4,29.9,3.8,6.5,58.6,2.5,8.8,11.3,3.7,1.0,4.1,4.3,3.3
172,A200749,Aaron Gray,85,280,12/07/1984,31,C,49,2007,87.25,108.5,15.0,27.0,32.5,36.0,28.2,20.5,8.4,14.8,56.5,8.4,14.8,56.5,0.0,0.0,0.0,3.7,6.8,54.8,4.9,9.1,14.0,2.5,0.6,2.5,2.3,3.7
173,T200752,Taurean Green,73,173,11/28/1985,30,PG,52,2007,74.25,96.0,4.6,29.0,32.5,40.0,33.2,16.0,4.6,10.4,44.4,2.2,4.3,50.0,2.5,6.1,40.4,4.2,5.0,84.9,0.3,2.6,2.9,4.4,1.3,0.0,3.2,1.8
174,D200753,Demetris Nichols,79,211,09/04/1984,31,SF,53,2007,84.25,105.0,6.2,28.5,32.5,35.0,34.8,20.3,6.9,15.4,44.7,3.8,8.0,47.5,3.1,7.3,41.7,3.5,4.1,85.0,1.5,4.3,5.8,1.7,1.5,1.1,2.4,2.2
175,H200755,Herbert Hill,82,232,10/01/1984,31,PF,55,2007,86.25,108.5,5.6,30.5,34.0,31.0,32.0,21.5,9.2,14.4,64.0,9.2,14.3,64.2,0.0,0.0,0.0,3.1,5.1,60.2,3.9,6.6,10.5,1.7,1.2,3.5,3.4,3.5
176,R200756,Ramon Sessions,76,185,04/11/1986,30,PG,56,2007,76.25,97.5,6.2,29.5,33.5,34.0,30.2,16.0,5.4,11.9,45.2,4.6,10.0,46.5,0.7,1.9,38.0,4.5,5.5,82.5,1.5,4.7,6.2,6.1,1.1,0.3,3.3,1.6
177,S200757,Sammy Mejia,79,218,02/08/1983,33,PG,57,2007,83.0,105.0,8.3,27.0,31.5,34.0,33.5,17.9,7.0,14.6,48.1,5.4,10.1,53.7,1.6,4.4,35.3,2.3,3.8,60.2,2.8,4.8,7.5,3.3,1.3,0.1,2.4,2.7
178,D200759,D.J. Strawberry,77,199,06/15/1985,30,SG,59,2007,78.5,101.0,4.5,28.5,35.0,34.0,31.9,17.0,6.2,13.0,47.7,5.0,9.5,52.5,1.2,3.4,34.3,3.4,5.0,68.5,1.5,3.6,5.1,4.0,2.3,0.5,2.5,2.9
179,D20081,Derrick Rose,74,196,10/01/1988,27,PG,1,2008,80.0,98.5,4.6,34.5,40.0,40.0,29.2,19.5,6.8,14.3,47.7,5.7,10.9,52.1,1.1,3.4,33.7,4.8,6.7,71.2,1.8,4.2,5.9,6.2,1.6,0.5,3.5,2.2
180,M20082,Michael Beasley,80,239,01/09/1989,27,PF,2,2008,84.25,107.0,7.7,30.0,35.0,33.0,31.5,30.8,10.9,20.5,53.2,9.6,17.1,56.2,1.3,3.4,37.9,7.7,9.9,77.4,4.7,9.8,14.5,1.3,1.5,1.9,3.4,3.0
181,O20083,O.J. Mayo,76,200,11/05/1987,28,PG,3,2008,78.0,99.5,6.3,30.5,41.0,33.0,36.8,22.8,7.9,17.9,44.2,5.0,10.7,46.4,2.9,7.2,40.9,4.1,5.1,80.3,1.2,3.8,5.0,3.6,1.7,0.4,3.9,2.7
182,R20084,Russell Westbrook,75,192,11/12/1988,27,PG,4,2008,79.75,100.0,4.8,30.0,36.5,39.0,33.8,15.6,5.7,12.3,46.5,4.9,9.9,49.7,0.8,2.4,33.8,3.4,4.7,71.3,1.9,2.9,4.8,5.2,2.0,0.2,3.0,2.9
183,K20085,Kevin Love,81,255,09/07/1988,27,PF,5,2008,83.25,106.0,12.9,29.5,35.0,39.0,29.6,24.4,8.1,14.5,55.9,7.1,11.6,61.1,1.0,2.9,35.4,7.1,9.2,76.7,5.1,9.8,14.9,2.7,1.0,2.0,2.8,2.6
184,E20087,Eric Gordon,75,222,12/25/1988,27,SG,7,2008,81.0,99.0,8.2,32.0,40.0,32.0,34.7,24.0,6.6,15.3,43.3,4.1,7.8,52.5,2.5,7.5,33.7,8.3,10.0,83.4,0.8,2.9,3.7,2.8,1.5,0.7,4.1,2.5
185,J20088,Joe Alexander,80,220,12/26/1986,29,PF,8,2008,83.5,106.0,5.8,32.5,38.5,36.0,31.6,21.2,7.7,16.6,46.2,7.3,15.1,48.0,0.4,1.4,26.8,5.5,6.8,81.4,2.4,5.7,8.0,3.1,0.9,1.9,2.8,3.6
186,D20089,D.J. Augustin,71,172,11/10/1987,28,PG,9,2008,75.5,94.5,8.1,28.5,35.0,38.0,37.3,21.2,7.0,16.0,43.9,4.9,10.3,47.1,2.1,5.6,38.1,5.0,6.4,78.3,0.6,2.7,3.2,6.3,1.4,0.0,3.0,1.8
187,B200810,Brook Lopez,84,256,04/01/1988,28,C,10,2008,89.5,113.0,6.3,27.5,30.5,27.0,30.8,26.0,9.2,19.6,46.8,9.2,19.3,47.5,0.0,0.3,0.0,7.6,9.7,78.9,3.8,7.2,11.0,1.8,0.8,2.8,2.9,3.3
188,J200811,Jerryd Bayless,75,204,08/20/1988,27,PG,11,2008,75.5,97.0,4.7,31.0,38.0,30.0,35.7,22.8,6.7,14.5,45.8,4.4,9.0,48.9,2.3,5.6,40.7,7.2,8.6,83.9,0.5,2.7,3.2,4.7,1.1,0.1,3.4,2.5
189,B200813,Brandon Rush,78,211,07/08/1985,30,SG,13,2008,83.25,104.5,0.0,32.5,35.0,38.0,29.7,17.6,6.2,14.3,43.5,3.5,7.7,44.8,2.8,6.6,41.9,2.3,3.0,77.9,2.0,4.8,6.8,2.8,1.1,1.1,2.4,2.1
190,A200814,Anthony Randolph,82,197,07/15/1989,26,SF,14,2008,87.0,110.0,0.0,0.0,0.0,31.0,32.8,18.7,7.1,15.2,46.4,7.0,14.5,48.3,0.1,0.7,10.5,4.4,6.4,69.3,3.3,6.8,10.2,1.5,1.4,2.7,3.6,3.3
191,J200818,JaVale McGee,84,241,01/19/1988,28,C,18,2008,90.0,114.5,5.3,27.0,32.5,33.0,27.3,20.0,8.1,15.4,52.9,7.5,13.5,55.6,0.6,1.8,33.3,3.2,6.1,52.5,3.6,6.8,10.4,0.9,1.1,4.0,3.4,3.5
192,G200826,George Hill,74,181,05/04/1986,30,PG,26,2008,81.0,97.5,3.0,34.0,37.5,32.0,36.8,24.5,7.8,14.4,54.5,6.1,10.5,58.0,1.7,3.9,45.0,7.1,8.7,81.2,1.7,6.0,7.7,4.9,2.0,0.5,3.4,3.2
193,D200827,Darrell Arthur,80,216,11/10/1987,28,PF,27,2008,82.75,107.0,7.3,28.5,30.0,40.0,24.7,20.1,8.4,15.6,54.3,8.4,15.1,55.5,0.1,0.5,16.7,3.2,4.5,70.2,3.6,6.2,9.9,1.3,0.8,2.1,3.0,4.7
194,D200828,Donte Greene,81,221,02/21/1988,28,SF,28,2008,82.0,108.0,7.6,27.5,31.5,35.0,35.8,18.1,6.4,15.2,41.8,3.7,7.6,49.2,2.6,7.6,34.5,2.8,3.9,70.7,1.8,5.6,7.3,2.1,1.3,1.7,2.7,3.0
195,J200830,J.R. Giddens,77,208,02/14/1985,31,SG,30,2008,83.25,104.0,5.4,0.0,0.0,33.0,32.2,20.3,7.9,15.4,51.6,7.0,12.6,55.7,0.9,2.8,33.3,3.5,5.9,58.6,2.2,8.8,11.0,3.9,1.8,1.5,2.8,2.4
196,J200833,Joey Dorsey,79,265,12/16/1983,32,PF,33,2008,85.75,107.0,9.0,27.5,33.0,38.0,25.2,10.4,4.3,6.7,64.7,4.3,6.6,65.1,0.0,0.0,0.0,1.8,4.7,37.8,5.3,9.1,14.4,0.8,1.6,3.0,1.6,4.3
197,D200835,DeAndre Jordan,83,250,07/21/1988,27,C,35,2008,90.0,113.5,7.5,26.0,30.5,35.0,20.1,16.1,6.6,10.6,61.7,6.6,10.6,61.7,0.0,0.0,0.0,3.0,6.9,43.7,3.8,8.4,12.2,0.9,0.4,2.6,3.3,3.9
198,S200839,Sonny Weems,77,193,07/08/1986,29,SG,39,2008,82.0,104.0,4.4,29.0,36.5,34.0,31.4,18.4,7.1,15.4,46.4,5.2,10.1,51.3,2.0,5.3,37.0,2.2,2.8,80.3,2.0,3.5,5.5,3.2,1.6,0.3,3.5,2.7
199,S200842,Sean Singletary,72,184,09/06/1985,30,PG,42,2008,76.5,95.0,4.2,26.0,0.0,33.0,34.0,21.7,6.7,15.8,42.6,4.8,10.5,45.6,1.9,5.2,36.7,6.3,7.4,85.1,0.9,3.3,4.2,6.7,2.0,0.0,4.2,2.9
200,T200846,Trent Plaisted,82,240,10/01/1986,29,C,46,2008,82.5,105.5,11.0,30.5,35.5,35.0,27.4,21.8,8.1,14.9,54.2,8.1,14.9,54.2,0.0,0.0,0.0,5.7,10.4,54.2,3.0,7.8,10.8,2.2,0.6,1.4,3.4,3.3
201,M200848,Malik Hairston,77,204,02/24/1987,29,SF,48,2008,81.0,103.5,6.9,30.5,38.0,31.0,31.5,20.5,7.1,13.6,52.5,5.0,8.7,57.7,2.1,4.9,43.3,4.1,5.6,73.2,1.8,4.3,6.1,2.7,0.8,1.1,2.2,3.6
202,R200849,Richard Hendrix,80,250,11/15/1986,29,PF,49,2008,87.0,108.0,9.2,26.5,28.0,32.0,30.6,22.4,9.0,15.1,59.8,8.9,14.8,60.4,0.1,0.3,28.6,4.2,7.9,53.7,4.6,8.1,12.7,2.0,1.6,2.5,2.2,3.7
203,D200850,DeVon Hardin,83,235,09/07/1986,29,C,50,2008,87.0,109.5,5.8,29.5,32.0,30.0,23.8,15.2,5.3,9.6,55.4,5.3,9.6,55.4,0.0,0.0,0.0,4.6,7.2,63.6,2.9,9.1,12.0,1.1,0.9,2.0,2.3,4.0
204,S200851,Shan Foster,77,195,08/20/1986,29,SG,51,2008,83.5,104.5,6.3,30.0,33.0,34.0,33.7,22.2,7.8,14.9,52.3,3.5,5.7,61.0,4.3,9.2,46.9,2.3,3.1,76.0,1.3,4.1,5.4,1.8,1.2,0.3,1.9,2.1
205,D200852,Darnell Jackson,80,241,11/07/1985,30,PF,52,2008,83.25,106.5,12.5,27.0,31.0,40.0,24.3,18.0,6.9,11.0,62.6,6.8,10.7,63.3,0.1,0.2,33.3,4.1,6.0,69.1,3.3,7.5,10.7,1.7,1.2,0.8,2.1,3.6
206,M200854,Maarty Leunen,80,222,09/03/1985,30,PF,54,2008,80.0,102.75,8.9,29.5,34.5,32.0,34.7,17.3,5.6,10.0,55.9,3.5,5.7,60.9,2.1,4.3,49.2,4.0,5.1,78.9,2.5,8.0,10.4,3.2,1.0,0.4,1.8,2.8
207,M200855,Mike Taylor,74,166,01/21/1986,30,PG,55,2008,79.25,98.0,3.8,31.0,39.0,31.0,32.9,19.9,6.6,17.6,37.6,3.5,9.0,39.1,3.1,8.6,36.0,3.5,5.2,68.2,0.9,4.2,5.1,5.6,1.4,0.1,6.7,3.6
208,S200856,Sasha Kaun,83,247,05/08/1985,31,C,56,2008,90.0,110.0,9.6,29.0,32.0,40.0,17.7,15.7,6.0,9.7,61.9,6.0,9.7,61.9,0.0,0.0,0.0,3.6,6.7,54.1,3.5,5.0,8.5,0.7,0.9,2.7,1.8,5.4
209,J200857,James Gist,80,220,10/26/1986,29,PF,57,2008,88.0,107.5,4.8,30.5,35.0,33.0,32.0,18.5,6.8,13.8,49.6,6.1,11.3,53.8,0.8,2.5,31.0,4.1,5.5,73.7,2.1,7.1,9.2,1.6,1.5,2.7,3.2,3.6
210,J200858,Joe Crawford,76,213,06/18/1986,29,SG,58,2008,77.75,99.5,7.6,31.0,36.0,30.0,33.6,21.8,7.6,16.3,46.9,5.1,9.3,54.8,2.6,7.0,36.4,4.0,5.3,76.2,1.3,3.2,4.4,2.6,0.7,0.2,3.4,3.3
211,D200859,Deron Washington,78,199,12/12/1985,30,SF,59,2008,81.0,102.5,7.2,34.0,40.0,35.0,33.1,15.5,5.0,11.9,41.6,4.4,9.6,45.1,0.6,2.3,26.9,5.0,7.4,67.1,2.3,5.3,7.7,2.7,1.1,0.7,2.5,3.5
212,B20091,Blake Griffin,82,248,03/16/1989,27,PF,1,2009,83.25,105.0,8.2,32.0,35.5,35.0,33.3,26.4,10.0,15.3,65.4,9.9,15.0,65.9,0.1,0.3,37.5,6.3,10.8,59.0,4.5,12.3,16.7,2.7,1.3,1.4,3.9,3.0
213,H20092,Hasheem Thabeet,86,275,02/16/1987,29,C,2,2009,90.0,114.0,0.0,24.5,34.0,36.0,31.8,16.4,6.0,9.3,64.0,6.0,9.3,64.0,0.0,0.0,0.0,4.5,7.1,62.7,4.5,8.6,13.0,0.6,0.7,5.1,2.3,3.0
214,J20093,James Harden,77,222,08/26/1989,26,SG,3,2009,82.75,103.5,10.1,31.5,37.0,35.0,35.8,24.7,7.8,15.9,48.9,5.7,10.2,56.4,2.0,5.7,35.6,7.2,9.5,75.6,1.7,5.2,6.9,5.2,2.1,0.4,4.1,3.5
215,T20094,Tyreke Evans,77,221,09/19/1989,26,PG,4,2009,83.25,104.0,7.1,28.5,34.0,37.0,29.0,22.8,8.3,18.2,45.5,7.1,13.8,51.4,1.2,4.5,27.4,5.0,7.0,71.1,1.7,5.5,7.2,5.2,2.8,1.0,4.8,3.2
216,J20096,Jonny Flynn,73,196,02/06/1989,27,PG,6,2009,76.0,95.5,6.3,33.0,40.0,38.0,37.3,17.0,5.6,12.2,46.0,4.5,8.6,52.1,1.2,3.6,31.7,4.6,5.9,78.6,0.6,2.1,2.7,6.5,1.4,0.2,3.3,1.4
217,S20097,Stephen Curry,75,181,03/14/1988,28,PG,7,2009,75.5,97.0,5.7,29.5,35.5,34.0,33.7,31.7,10.1,22.3,45.4,5.9,11.4,51.9,4.2,10.9,38.7,7.2,8.2,87.6,0.7,4.2,4.9,6.1,2.8,0.3,4.1,2.6
218,J20098,Jordan Hill,82,232,07/27/1987,28,PF,8,2009,85.5,108.0,6.0,31.0,35.0,34.0,35.7,21.0,8.5,15.9,53.7,8.5,15.9,53.7,0.0,0.0,0.0,4.0,6.0,65.4,4.8,7.8,12.7,1.7,1.0,2.0,3.3,3.4
219,D20099,Demar DeRozan,78,211,08/07/1989,26,SG,9,2009,81.0,102.5,4.9,29.0,38.5,35.0,33.4,17.0,6.7,12.9,52.3,6.5,11.6,56.2,0.2,1.3,16.7,3.3,5.1,64.6,2.9,4.1,7.0,1.8,1.1,0.5,2.6,2.6
220,T200911,Terrence Williams,78,213,06/28/1987,28,SG,11,2009,81.0,103.5,5.1,30.5,37.0,37.0,34.2,14.2,5.2,12.0,43.1,3.4,7.5,45.9,1.7,4.5,38.5,2.1,3.6,58.1,1.6,8.1,9.7,5.7,2.6,0.9,2.6,1.9
221,G200912,Gerald Henderson,77,215,12/09/1987,28,SG,12,2009,82.25,102.5,4.4,31.5,35.0,37.0,29.7,21.5,7.5,16.7,45.0,6.1,12.4,49.0,1.4,4.3,33.6,5.0,6.6,76.1,1.6,4.8,6.4,3.2,1.6,1.0,2.8,2.2
222,T200913,Tyler Hansbrough,81,234,11/03/1985,30,PF,13,2009,83.5,106.0,8.5,27.5,34.0,34.0,30.3,24.0,7.6,14.8,51.4,7.3,14.0,52.1,0.3,0.8,39.1,8.5,10.1,84.1,3.5,5.9,9.4,1.2,1.4,0.4,2.1,2.6
223,E200914,Earl Clark,82,228,01/17/1988,28,SF,14,2009,86.5,109.5,5.2,28.5,33.0,37.0,34.3,16.0,6.2,13.5,45.7,5.2,10.6,49.3,0.9,2.9,32.6,2.7,4.2,64.7,3.1,6.7,9.8,3.6,1.2,1.6,3.6,2.2
224,A200915,Austin Daye,83,192,06/05/1988,27,SF,15,2009,86.75,110.0,5.5,25.0,28.0,34.0,26.3,18.7,6.9,14.5,47.7,5.3,10.8,49.4,1.6,3.6,42.9,3.3,4.7,70.6,1.6,8.5,10.1,1.6,1.0,3.0,3.2,4.2
225,J200916,James Johnson,80,257,02/20/1987,29,SF,16,2009,84.75,105.5,12.0,30.5,35.0,31.0,30.5,17.6,7.1,13.0,54.2,6.2,10.4,59.8,0.8,2.6,31.9,2.6,3.7,69.7,3.0,7.0,10.0,2.3,1.7,1.8,2.8,3.4
226,J200917,Jrue Holiday,76,199,06/12/1990,25,PG,17,2009,79.0,100.5,6.3,28.5,34.0,35.0,27.1,12.7,4.8,10.6,45.0,3.6,6.9,52.8,1.2,3.8,30.7,1.9,2.7,72.6,1.9,3.8,5.6,5.5,2.4,0.8,3.2,3.2
227,T200918,Ty Lawson,72,197,11/03/1987,28,PG,18,2009,72.75,94.5,6.6,29.0,36.5,35.0,29.9,19.5,6.1,11.5,53.2,4.4,7.8,56.0,1.7,3.6,47.2,5.6,7.0,79.8,0.8,2.7,3.5,7.7,2.5,0.2,2.2,2.0
228,J200919,Jeff Teague,73,175,06/10/1988,27,PG,19,2009,79.5,98.5,4.5,30.5,36.5,31.0,32.0,21.1,6.5,13.4,48.5,4.9,9.7,50.2,1.6,3.7,44.1,6.5,7.9,81.7,0.5,3.1,3.7,4.0,2.1,0.7,3.7,2.5
229,E200920,Eric Maynor,75,164,06/11/1987,28,PG,20,2009,74.5,97.0,5.4,28.5,31.5,34.0,35.5,25.2,8.2,17.8,46.3,6.0,11.7,51.6,2.2,6.1,36.1,6.6,8.1,81.5,0.5,3.5,4.1,7.0,1.9,0.2,3.4,2.7
230,D200921,Darren Collison,73,166,08/23/1987,28,PG,21,2009,75.0,96.5,5.7,30.5,33.5,35.0,31.5,18.6,6.4,12.7,50.9,4.9,8.8,55.8,1.5,3.8,39.4,4.2,4.6,89.7,0.6,2.5,3.1,6.1,2.1,0.2,3.2,2.0
231,T200926,Taj Gibson,82,214,06/24/1985,30,PF,26,2009,88.0,109.0,6.6,25.5,30.0,35.0,33.7,17.3,6.6,11.0,60.1,6.6,11.0,60.1,0.0,0.0,0.0,4.2,6.3,65.9,4.3,6.7,11.0,1.5,1.2,3.5,2.5,3.6
232,D200927,DeMarre Carroll,80,207,07/27/1986,29,SF,27,2009,82.0,105.0,6.3,0.0,0.0,38.0,28.0,21.9,8.6,15.4,55.8,8.0,13.8,57.9,0.6,1.5,36.4,4.2,6.7,63.4,3.2,6.3,9.5,2.9,2.1,0.9,2.0,2.9
233,W200928,Wayne Ellington,77,202,10/29/1987,28,SG,28,2009,78.5,100.0,5.5,31.5,38.0,38.0,30.4,18.3,6.5,13.5,48.3,4.0,7.3,53.9,2.6,6.2,41.7,2.6,3.4,77.7,1.7,3.9,5.7,3.1,1.1,0.2,1.9,1.7
234,T200929,Toney Douglas,74,183,03/16/1986,30,PG,29,2009,78.0,97.5,5.2,28.0,32.5,35.0,36.5,23.0,7.3,16.5,44.6,4.7,9.7,48.9,2.6,6.8,38.5,5.8,7.1,81.0,0.9,3.3,4.2,3.1,1.9,0.5,2.7,2.3
235,J200931,Jeff Pendergraph,82,240,04/29/1987,29,PF,31,2009,85.0,107.0,5.5,31.0,35.0,35.0,32.5,19.7,7.7,11.6,66.0,7.7,11.6,66.2,0.0,0.0,0.0,4.4,5.6,77.9,3.4,7.7,11.1,1.2,0.7,1.2,1.7,3.6
236,J200932,Jermaine Taylor,77,207,12/08/1986,29,SG,32,2009,80.75,101.0,5.8,34.0,37.5,31.0,31.9,32.2,11.5,24.1,48.0,7.9,14.3,55.1,3.7,9.7,37.6,5.5,6.7,81.2,2.3,4.0,6.4,2.3,1.5,1.0,3.5,2.2
237,D200933,Dante Cunningham,80,227,04/22/1987,29,PF,33,2009,83.0,106.5,4.8,28.0,35.0,38.0,31.6,19.6,7.8,14.9,52.5,7.8,14.8,52.7,0.0,0.1,0.0,4.0,5.7,69.7,3.2,5.9,9.1,1.5,1.5,1.5,2.6,3.3
238,D200935,DaJuan Summers,80,243,01/24/1988,28,SF,35,2009,84.75,106.5,6.6,29.5,34.5,31.0,29.4,19.0,6.2,13.0,47.4,3.8,6.9,55.2,2.3,6.1,38.5,4.4,6.1,71.3,1.6,4.1,5.7,1.8,1.6,0.9,3.6,3.6
239,S200936,Sam Young,79,223,06/01/1985,30,SF,36,2009,82.75,105.5,4.9,27.5,33.0,36.0,31.8,24.0,9.1,18.1,50.2,7.2,13.0,55.2,1.9,5.0,37.2,4.0,5.3,74.0,2.4,5.4,7.8,1.4,1.2,1.0,3.1,2.1
240,D200937,DeJuan Blair,78,277,04/22/1989,27,PF,37,2009,86.0,106.5,12.0,26.0,33.0,35.0,27.3,22.9,9.4,15.9,59.3,9.4,15.9,59.3,0.0,0.0,0.0,4.1,6.8,60.5,8.1,9.9,18.0,1.8,2.3,1.4,1.8,4.0
241,J200938,Jon Brockman,80,252,03/20/1987,29,PF,38,2009,79.75,0.0,0.0,0.0,0.0,34.0,30.5,17.8,6.7,12.7,52.6,6.7,12.7,52.8,0.0,0.0,0.0,4.4,6.9,64.0,5.1,8.7,13.7,1.4,1.1,0.1,2.3,3.6
242,D200940,Derrick Brown,80,225,09/07/1987,28,PF,40,2009,86.5,107.5,8.6,30.5,35.5,35.0,29.5,18.7,6.6,13.1,50.4,5.1,9.6,53.0,1.5,3.5,43.3,3.9,5.3,74.1,3.2,5.1,8.3,2.6,1.0,1.2,2.4,3.4
243,J200941,Jodie Meeks,76,211,08/21/1987,28,SG,41,2009,76.5,98.0,8.0,28.5,37.0,36.0,34.4,26.3,8.1,17.5,46.3,4.5,8.6,52.1,3.6,8.9,40.6,6.5,7.2,90.2,0.6,3.2,3.8,1.9,1.5,0.2,3.0,2.1
244,P200942,Patrick Beverley,73,172,07/12/1988,27,PG,42,2009,78.5,98.0,0.0,34.0,37.0,35.0,33.8,13.8,4.4,10.8,41.2,2.3,5.2,44.9,2.1,5.6,37.8,2.8,4.3,64.4,1.4,6.2,7.5,2.7,1.4,0.5,2.3,2.8
245,M200943,Marcus Thornton,76,194,06/05/1987,28,SG,43,2009,77.0,99.0,4.8,31.0,33.0,35.0,31.9,25.9,9.0,19.0,47.2,6.2,11.9,52.2,2.7,7.0,38.8,5.2,7.0,74.5,2.5,4.2,6.7,2.6,2.0,0.5,2.2,2.5
246,C200944,Chase Budinger,79,206,12/31/1987,28,SG,44,2009,79.0,101.0,10.0,29.5,38.5,35.0,37.6,19.6,6.8,14.2,48.0,4.7,9.0,52.8,2.1,5.2,39.9,3.9,4.9,80.1,1.5,5.2,6.8,3.7,1.6,0.5,2.6,2.0
247,D200946,Danny Green,78,208,06/22/1987,28,SG,46,2009,82.0,103.0,5.6,29.0,33.0,38.0,27.4,16.8,6.2,13.2,47.1,3.6,7.0,51.7,2.6,6.2,41.8,1.8,2.1,85.2,2.4,3.6,6.0,3.5,2.3,1.7,2.1,2.8
248,T200948,Taylor Griffin,79,238,04/18/1986,30,PF,48,2009,82.5,103.0,0.0,30.5,35.5,36.0,30.0,12.4,4.5,8.3,53.6,4.3,7.8,54.8,0.2,0.5,35.7,3.3,4.7,70.0,2.9,4.6,7.5,1.7,1.7,1.3,2.2,3.6
249,J200951,Jack McClinton,73,185,01/19/1985,31,PG,51,2009,74.5,96.0,6.2,30.0,36.5,32.0,32.2,23.6,7.6,17.0,44.9,3.8,8.5,44.6,3.9,8.5,45.3,4.4,5.0,88.5,0.7,3.1,3.8,3.5,0.9,0.0,3.2,2.0
250,A200952,A.J. Price,74,193,10/07/1986,29,PG,52,2009,75.75,97.0,12.4,26.0,31.0,35.0,31.8,17.8,5.9,14.4,40.8,3.0,7.4,41.3,2.8,7.1,40.2,3.2,4.5,72.1,0.7,3.5,4.2,5.7,0.8,0.0,3.2,1.5
251,R200954,Robert Vaden,78,215,03/03/1985,31,SG,54,2009,80.25,0.0,0.0,0.0,0.0,34.0,36.5,19.1,6.6,16.6,39.7,3.0,6.3,48.0,3.6,10.3,34.6,2.4,3.2,74.0,0.8,4.6,5.4,2.2,1.1,0.7,2.7,1.9
252,P200955,Patrick Mills,72,175,08/11/1988,27,PG,55,2009,74.0,95.0,6.9,27.5,33.0,26.0,33.3,22.1,7.5,18.7,40.2,4.4,9.6,46.4,3.1,9.1,33.8,3.9,4.6,85.9,0.6,2.3,2.9,4.7,2.6,0.3,3.5,2.0
253,A200956,Ahmad Nivins,82,230,02/10/1987,29,PF,56,2009,84.75,0.0,0.0,0.0,0.0,32.0,39.3,19.5,6.5,10.7,61.2,6.5,10.6,61.4,0.0,0.0,0.0,6.5,8.2,78.7,4.0,8.0,12.0,1.0,0.8,1.8,2.8,2.2
254,L200958,Lester Hudson,73,196,08/07/1984,31,PG,58,2009,80.75,98.5,3.4,30.5,36.0,32.0,36.0,28.6,10.2,22.6,44.9,6.7,12.9,52.0,3.4,9.7,35.5,4.8,5.5,88.1,2.3,6.0,8.2,4.4,2.4,0.6,3.4,2.8
255,J20101,John Wall,76,196,09/06/1990,25,PG,1,2010,81.25,101.5,5.6,30.0,39.0,32.0,34.9,17.9,5.8,12.9,45.1,4.7,9.5,49.8,1.1,3.4,32.0,5.2,6.8,76.0,0.8,3.8,4.6,7.0,1.8,0.6,4.4,2.0
256,E20102,Evan Turner,79,214,10/27/1988,27,SG,2,2010,80.0,103.5,8.6,27.5,34.5,30.0,35.8,23.4,8.7,17.0,51.5,8.0,14.9,53.6,0.8,2.1,36.4,5.1,6.8,75.1,2.1,8.3,10.5,6.9,2.0,1.1,4.8,3.1
257,D20103,Derrick Favors,82,245,07/15/1991,24,PF,3,2010,88.0,110.0,6.5,31.5,35.5,33.0,27.4,17.2,7.0,11.3,61.9,7.0,11.3,62.2,0.0,0.0,0.0,3.2,5.1,62.5,4.3,7.6,11.8,1.3,1.3,2.8,3.2,3.7
258,W20104,Wesley Johnson,79,206,07/11/1987,28,SF,4,2010,85.0,106.0,4.6,32.0,37.0,32.0,35.2,17.2,6.2,12.5,49.2,4.8,8.9,53.4,1.4,3.6,38.7,3.5,4.5,78.8,2.4,6.9,9.4,2.5,1.9,1.9,2.5,2.3
259,D20105,DeMarcus Cousins,83,292,08/13/1990,25,C,5,2010,89.75,113.0,16.4,23.5,27.5,33.0,23.3,26.1,9.4,16.8,55.8,9.3,16.5,56.5,0.0,0.3,16.7,7.3,12.0,60.9,7.1,9.3,16.4,1.6,1.6,2.9,3.2,5.1
260,E20106,Ekpe Udoh,82,237,05/20/1987,28,PF,6,2010,88.5,106.5,8.0,31.0,33.5,33.0,35.5,15.3,5.8,12.1,47.6,5.5,11.3,49.1,0.2,0.8,28.0,3.5,5.1,69.3,3.9,6.9,10.8,3.0,0.9,4.3,2.7,2.7
261,G20107,Greg Monroe,83,247,06/04/1990,25,PF,7,2010,86.25,108.5,11.2,25.0,29.0,32.0,34.1,18.5,6.8,12.9,52.6,6.5,12.0,54.8,0.2,0.9,24.0,4.7,7.0,67.0,2.5,8.5,11.0,4.4,1.5,1.8,4.0,3.1
262,A20108,Al-Farouq Aminu,80,216,09/21/1990,25,SF,8,2010,87.25,108.5,8.2,27.0,33.5,32.0,31.1,19.3,6.6,14.5,45.3,5.9,11.9,49.1,0.7,2.6,27.9,5.4,7.8,70.0,5.2,7.6,12.8,1.6,1.8,1.7,3.8,3.5
263,G20109,Gordon Hayward,80,211,03/23/1990,26,SF,9,2010,79.75,103.0,6.9,30.5,34.5,32.0,32.8,19.3,5.9,12.0,48.7,4.4,6.9,64.0,1.5,5.2,28.5,6.1,7.3,82.6,2.4,8.1,10.5,2.3,1.4,1.0,3.0,2.8
264,P201010,Paul George,81,214,05/02/1990,26,SF,10,2010,83.25,107.0,5.0,0.0,0.0,28.0,33.0,20.2,6.4,15.0,43.0,3.8,7.8,48.9,2.6,7.2,36.6,4.7,5.3,88.4,2.2,6.6,8.7,3.7,2.6,1.0,3.7,3.5
265,C201011,Cole Aldrich,83,236,10/31/1988,27,C,11,2010,88.75,111.5,8.5,23.0,28.0,34.0,26.9,16.2,5.9,10.3,56.9,5.9,10.3,56.9,0.0,0.0,0.0,4.4,6.5,67.7,4.4,9.8,14.2,1.3,1.1,5.0,2.1,3.6
266,X201012,Xavier Henry,78,210,03/15/1991,25,SF,12,2010,83.25,105.0,4.7,28.5,36.5,34.0,27.7,19.1,6.4,13.9,45.9,3.6,7.3,49.2,2.8,6.6,42.2,3.6,4.6,77.9,1.7,4.3,6.0,2.1,2.1,0.7,2.7,2.6
267,E201013,Ed Davis,82,227,06/05/1989,26,PF,13,2010,84.0,108.0,10.0,31.0,36.0,21.0,28.3,17.7,6.4,11.3,56.6,6.4,11.3,56.6,0.0,0.0,0.0,5.0,7.6,65.6,3.7,8.9,12.6,1.2,0.6,3.7,2.5,2.3
268,P201014,Patrick Patterson,81,240,03/14/1989,27,PF,14,2010,85.25,107.0,5.3,28.5,33.5,33.0,32.6,16.3,6.5,11.1,58.7,5.8,9.1,63.6,0.7,2.0,36.8,2.5,3.8,65.7,3.8,5.0,8.9,1.1,0.7,1.5,1.3,1.9
269,L201015,Larry Sanders,82,222,11/21/1988,27,PF,15,2010,89.75,112.0,4.6,25.5,28.0,35.0,26.9,21.0,8.2,15.3,53.4,8.0,14.7,54.7,0.2,0.7,25.0,4.5,7.0,64.1,4.4,8.9,13.3,1.4,1.1,3.8,2.4,4.3
270,L201016,Luke Babbitt,81,218,06/20/1989,26,SF,16,2010,83.25,104.5,5.6,29.5,37.5,33.0,37.5,22.3,7.5,15.1,49.7,6.2,12.0,51.7,1.3,3.1,42.0,6.0,6.5,92.0,2.1,6.9,9.0,2.1,1.0,0.8,2.4,2.6
271,E201018,Eric Bledsoe,73,192,12/09/1989,26,PG,18,2010,79.5,98.0,5.6,0.0,0.0,32.0,29.9,13.7,4.7,10.6,44.4,3.2,6.3,50.3,1.5,4.3,35.8,2.7,4.0,68.3,0.5,3.3,3.8,3.8,1.7,0.4,4.2,2.7
272,A201019,Avery Bradley,75,180,11/26/1990,25,SG,19,2010,79.25,98.5,4.0,31.5,37.5,34.0,29.5,14.2,5.7,13.2,43.2,4.2,9.2,45.7,1.5,4.0,37.5,1.3,2.4,54.5,1.2,2.3,3.5,2.6,1.6,0.6,1.9,2.9
273,J201020,James Anderson,78,208,03/25/1989,27,SG,20,2010,80.5,104.0,7.9,30.0,35.5,34.0,33.9,26.0,7.9,17.2,45.9,5.4,9.7,55.1,2.6,7.5,34.1,7.6,9.3,81.6,2.3,4.5,6.7,2.8,1.6,0.7,2.7,3.0
274,C201021,Craig Brackins,82,229,10/09/1987,28,PF,21,2010,84.0,109.0,7.9,26.0,35.0,32.0,35.1,17.8,6.5,15.4,42.0,5.6,12.5,44.6,0.9,2.9,31.0,4.0,5.2,76.0,2.3,7.0,9.2,2.3,0.8,1.3,2.3,2.2
275,T201023,Trevor Booker,79,236,11/25/1987,28,PF,23,2010,81.75,106.0,7.3,31.0,36.0,31.0,30.6,19.2,7.4,14.1,52.3,7.0,12.7,55.1,0.4,1.4,26.5,4.0,6.8,59.2,3.4,7.0,10.4,3.1,1.7,1.8,2.4,2.4
276,D201024,Damion James,80,227,10/07/1987,28,SF,24,2010,84.75,107.0,9.6,29.0,33.0,34.0,30.3,21.4,7.4,14.7,50.1,6.1,11.4,53.5,1.3,3.3,38.3,5.4,8.1,67.4,3.7,8.5,12.3,1.2,2.0,1.4,2.4,3.5
277,D201025,Dominique Jones,77,216,10/15/1988,27,SG,25,2010,81.25,101.0,5.9,26.0,32.5,33.0,37.1,23.8,7.5,16.6,45.0,5.7,11.0,52.1,1.8,5.6,31.1,7.0,9.5,74.1,1.2,5.5,6.8,4.0,1.9,0.6,3.3,3.1
278,J201027,Jordan Crawford,76,198,10/23/1988,27,SG,27,2010,79.0,101.0,4.9,31.5,34.5,35.0,32.8,23.3,8.4,18.3,46.2,5.9,11.7,50.1,2.6,6.6,39.1,3.9,5.0,77.3,1.1,4.3,5.4,3.3,1.5,0.2,2.8,1.9
279,G201028,Greivis Vasquez,78,211,01/16/1987,29,PG,28,2010,79.0,101.0,8.6,0.0,0.0,29.0,34.0,22.2,7.6,17.3,43.8,5.2,11.0,46.9,2.4,6.3,38.4,4.7,5.5,85.4,1.2,4.0,5.2,7.1,1.8,0.3,3.7,2.1
280,D201029,Daniel Orton,81,269,08/06/1990,25,C,29,2010,88.25,110.5,13.8,24.0,30.5,33.0,13.4,9.4,3.4,6.9,50.0,3.4,6.7,51.3,0.0,0.2,0.0,2.5,4.7,52.7,3.4,6.3,9.7,1.2,1.6,4.0,2.8,6.6
281,L201030,Lazar Hayward,78,226,11/26/1986,29,SF,30,2010,84.75,102.0,7.5,31.0,36.0,33.0,32.2,23.3,8.4,19.3,43.6,6.0,12.4,48.3,2.4,6.9,35.2,4.0,4.8,83.9,2.8,7.0,9.8,2.0,2.4,0.7,2.5,4.3
282,D201032,Dexter Pittman,83,303,03/02/1988,28,C,32,2010,90.0,111.0,20.8,0.0,0.0,34.0,19.1,19.8,7.8,11.9,65.4,7.8,11.9,65.4,0.0,0.0,0.0,4.2,7.5,55.6,5.6,5.5,11.1,0.9,0.7,3.5,3.3,5.0
283,H201033,Hassan Whiteside,83,227,06/13/1989,26,C,33,2010,91.0,113.0,5.5,27.0,31.5,30.0,26.7,18.5,6.8,13.5,50.5,6.7,13.2,50.4,0.1,0.2,60.0,4.8,7.9,60.2,4.1,9.0,13.1,0.3,0.8,7.7,2.8,3.8
284,A201034,Armon Johnson,75,195,02/23/1989,27,PG,34,2010,80.0,99.5,5.6,31.5,38.5,33.0,34.8,17.0,6.9,14.2,48.8,6.4,11.9,53.6,0.6,2.3,24.3,2.6,3.8,68.7,0.9,2.8,3.6,6.0,0.9,0.4,3.7,1.9
285,T201036,Terrico White,77,203,03/07/1990,26,SG,36,2010,81.0,101.0,3.7,31.0,40.0,33.0,31.2,17.8,6.5,15.2,43.0,4.5,9.2,48.8,2.1,6.1,34.1,2.7,3.8,70.2,1.9,3.6,5.5,1.8,1.0,0.2,1.5,2.0
286,D201037,Darington Hobson,78,204,09/29/1987,28,SF,37,2010,81.25,104.5,6.2,29.0,34.0,35.0,33.6,19.0,6.6,15.0,44.0,5.3,11.3,46.5,1.3,3.7,36.1,4.5,6.8,65.3,2.5,8.6,11.1,5.5,1.5,0.5,3.6,2.3
287,A201038,Andy Rautins,77,192,11/02/1986,29,SG,38,2010,79.0,100.0,6.2,23.5,30.5,32.0,33.0,14.5,4.4,10.1,43.6,1.1,2.0,55.6,3.3,8.2,40.7,2.4,2.9,81.5,0.6,3.3,3.9,5.6,2.0,0.3,3.3,2.5
288,L201039,Landry Fields,79,216,06/27/1988,27,SF,39,2010,81.5,104.5,0.0,0.0,0.0,32.0,36.3,24.0,8.5,17.2,49.0,7.5,14.3,52.1,1.0,2.9,33.7,6.1,8.8,69.6,2.8,6.8,9.5,3.0,1.7,0.9,2.8,2.2
289,L201040,Lance Stephenson,78,227,09/05/1990,25,SG,40,2010,82.5,103.0,9.3,27.0,33.0,32.0,28.2,17.4,6.7,15.2,44.2,6.0,12.1,49.8,0.7,3.1,22.5,3.2,4.8,65.5,2.7,4.8,7.6,3.4,1.4,0.3,3.3,2.8
290,J201041,Jarvis Varnado,82,210,03/01/1988,28,PF,41,2010,87.5,109.5,9.5,29.5,32.5,35.0,31.2,16.7,6.0,10.8,56.0,6.0,10.8,56.0,0.0,0.0,0.0,4.6,7.6,60.2,3.8,9.5,13.2,1.1,0.8,5.9,2.4,3.2
291,D201043,Devin Ebanks,80,208,10/28/1989,26,SF,43,2010,84.25,107.5,7.9,23.5,32.0,34.0,34.1,14.5,5.1,11.2,45.7,5.0,10.1,49.5,0.1,1.1,10.0,4.2,5.4,77.0,3.5,6.3,9.8,2.9,1.3,0.8,2.7,1.9
292,J201044,Jerome Jordan,85,244,09/29/1986,29,C,44,2010,89.25,113.0,6.9,0.0,0.0,34.0,29.9,20.7,7.1,12.9,55.3,7.1,12.9,55.3,0.0,0.0,0.0,6.4,9.4,68.8,3.1,8.9,12.0,1.7,0.6,3.2,3.0,3.8
293,G201046,Gani Lawal,81,233,11/07/1988,27,PF,46,2010,84.0,107.5,6.3,27.0,31.5,33.0,26.2,19.7,7.1,13.5,52.8,7.1,13.5,52.9,0.0,0.0,0.0,5.4,9.4,57.7,4.3,8.2,12.5,0.6,0.7,2.1,3.1,3.1
294,T201047,Tiny Gallon,81,302,01/19/1991,25,PF,47,2010,88.5,109.5,15.1,23.5,28.5,30.0,24.0,16.9,6.6,12.1,54.7,6.4,11.2,57.3,0.2,0.9,23.5,3.4,4.8,69.7,4.5,8.4,12.9,1.3,1.1,1.3,3.8,4.6
295,S201050,Solomon Alabi,85,237,03/21/1988,28,C,50,2010,89.0,113.0,5.0,22.5,26.0,31.0,25.5,18.0,6.4,11.8,54.0,6.4,11.8,54.0,0.0,0.0,0.0,5.2,6.6,79.5,3.7,5.9,9.6,0.7,1.0,3.7,3.0,3.5
296,L201052,Luke Harangody,80,240,01/02/1988,28,PF,52,2010,81.5,106.0,11.1,24.0,28.5,30.0,33.0,27.3,10.2,21.2,48.1,9.1,17.8,51.4,1.0,3.4,30.9,5.8,7.4,78.7,2.8,8.6,11.4,2.0,0.6,0.8,2.3,2.9
297,W201054,Willie Warren,76,208,10/22/1989,26,SG,54,2010,78.0,99.5,7.6,23.0,31.5,21.0,32.3,19.8,6.1,14.0,43.8,4.4,8.4,52.4,1.7,5.6,30.9,5.8,7.3,79.5,0.8,3.2,4.0,5.0,1.2,0.1,4.6,2.8
298,D201058,Derrick Caracter,81,280,05/04/1988,28,PF,58,2010,84.25,107.25,12.8,25.0,30.5,27.0,26.7,20.1,7.8,13.8,56.7,7.6,13.0,58.5,0.2,0.8,26.7,4.2,6.3,67.2,3.8,7.7,11.5,1.6,1.4,1.2,4.1,4.3
299,S201059,Stanley Robinson,80,213,07/14/1988,27,SF,59,2010,84.0,107.5,8.3,0.0,37.5,33.0,34.1,17.0,7.0,13.3,52.9,6.1,10.5,57.7,0.9,2.7,34.6,2.0,3.3,61.3,3.0,5.7,8.8,1.2,1.1,1.4,2.5,1.8
300,D201060,Dwayne Collins,79,236,04/13/1988,28,PF,60,2010,88.5,0.0,0.0,0.0,0.0,28.0,25.0,19.4,7.2,11.8,61.2,7.2,11.8,61.2,0.0,0.0,0.0,4.9,8.8,55.8,4.8,7.6,12.4,1.9,1.0,1.8,4.0,3.9
301,K20111,Kyrie Irving,75,191,03/23/1992,24,PG,1,2011,76.0,99.0,10.2,0.0,0.0,11.0,27.5,24.1,6.9,13.0,52.9,4.6,8.1,56.9,2.3,4.9,46.2,8.0,8.9,90.1,0.8,3.9,4.6,5.9,2.0,0.8,3.4,2.9
302,D20112,Derrick Williams,81,248,05/25/1991,24,PF,2,2011,85.5,108.0,10.8,29.0,34.5,39.0,30.0,25.6,7.8,13.3,58.4,6.4,10.7,59.3,1.4,2.6,54.5,8.6,11.7,74.0,3.7,7.2,10.9,1.6,1.4,0.9,3.5,3.7
303,T20114,Tristan Thompson,81,227,03/13/1991,25,PF,4,2011,85.25,108.5,6.2,30.0,35.0,38.0,30.8,16.0,5.8,10.7,54.2,5.8,10.7,54.2,0.0,0.0,0.0,4.4,9.0,48.5,4.8,5.2,9.9,1.5,1.2,3.0,2.2,3.5
304,B20118,Brandon Knight,75,177,12/02/1991,24,PG,8,2011,78.75,98.5,4.2,29.0,37.5,41.0,36.0,19.3,6.4,15.2,42.2,3.8,8.3,46.2,2.6,6.9,37.5,3.9,4.9,79.3,0.7,3.8,4.5,4.7,0.8,0.2,3.5,2.4
305,K20119,Kemba Walker,73,184,05/08/1990,26,PG,9,2011,75.5,91.5,5.9,32.0,39.5,43.0,37.9,25.0,8.2,19.3,42.6,6.2,13.3,46.9,2.0,6.0,33.1,6.6,8.1,81.6,1.3,4.3,5.6,4.7,2.0,0.2,2.4,1.4
306,J201110,Jimmer Fredette,74,196,02/25/1989,27,PG,10,2011,76.5,96.5,7.7,28.0,33.0,37.0,36.2,29.9,9.7,21.6,44.8,6.2,12.7,48.7,3.5,8.8,39.2,7.1,7.9,89.5,0.7,2.9,3.6,4.4,1.4,0.0,3.7,1.4
307,K201111,Klay Thompson,79,206,02/08/1990,26,SG,11,2011,81.0,103.5,8.0,26.5,31.5,34.0,34.7,23.8,7.8,17.9,43.6,4.6,9.9,46.6,3.2,8.0,39.8,5.0,6.0,83.8,0.8,5.0,5.8,4.1,1.8,1.0,3.7,3.2
308,A201112,Alec Burks,78,193,07/20/1991,24,SG,12,2011,82.0,103.5,5.1,29.0,36.0,39.0,32.3,24.5,7.8,16.6,46.9,6.9,13.6,51.0,0.9,3.0,28.3,8.1,9.9,81.9,2.7,4.8,7.5,3.5,1.3,0.3,3.1,2.8
309,M201113,Markieff Morris,81,241,09/02/1989,26,PF,13,2011,82.75,106.5,10.2,27.0,31.5,39.0,24.4,21.5,8.1,13.7,59.0,7.1,11.3,62.5,1.0,2.4,42.4,4.3,6.5,66.9,4.3,9.0,13.3,2.3,1.3,1.8,3.2,4.4
310,M201114,Marcus Morris,81,230,09/02/1989,26,PF,14,2011,82.0,105.5,8.0,29.0,33.0,39.0,28.3,23.4,8.6,15.0,57.3,7.6,12.3,62.2,1.0,2.8,35.4,5.2,7.6,69.1,3.5,6.7,10.2,2.2,1.1,0.9,2.3,3.4
311,K201115,Kawhi Leonard,79,227,06/29/1991,24,SF,15,2011,87.0,106.0,5.4,25.5,32.0,37.0,32.7,19.3,7.3,16.7,43.5,6.4,13.6,47.2,0.9,3.1,27.5,3.8,5.1,75.7,3.9,9.4,13.4,3.3,1.8,0.7,2.8,3.2
312,N201116,Nikola Vucevic,84,260,10/24/1990,25,PF,16,2011,88.5,112.5,6.1,23.5,25.0,34.0,34.9,20.5,7.6,15.0,50.5,6.5,12.1,54.2,1.0,2.9,34.9,4.3,5.7,75.5,3.4,8.9,12.3,1.9,0.6,1.7,2.0,3.4
313,I201117,Iman Shumpert,77,222,06/26/1990,25,PG,17,2011,81.5,99.5,6.5,36.5,42.0,32.0,32.1,20.5,6.7,16.4,40.8,5.1,10.7,47.9,1.6,5.7,27.5,5.5,6.8,80.9,2.0,4.9,6.9,4.2,3.4,0.3,2.7,3.3
314,C201118,Chris Singleton,81,239,11/21/1989,26,SF,18,2011,85.0,107.5,0.0,27.0,30.0,28.0,29.1,17.3,5.9,13.5,43.4,4.2,9.0,46.6,1.7,4.5,36.8,4.0,6.0,66.7,2.7,6.3,9.0,1.6,2.6,1.9,2.9,4.3
315,T201119,Tobias Harris,80,223,07/15/1992,23,SF,19,2011,83.0,103.5,8.4,31.5,37.5,36.0,29.3,20.9,7.4,16.1,46.2,6.5,13.0,50.0,0.9,3.1,30.1,5.1,6.7,75.7,2.7,7.0,9.7,1.7,0.9,1.1,2.5,2.8
316,N201121,Nolan Smith,75,188,07/25/1988,27,PG,21,2011,77.5,99.0,5.6,28.5,34.0,37.0,34.0,23.0,7.8,17.1,45.8,6.1,12.2,50.1,1.7,4.9,35.0,5.6,6.9,81.3,1.3,3.7,5.0,5.7,1.4,0.1,3.6,2.2
317,K201122,Kenneth Faried,79,225,11/19/1989,26,PF,22,2011,84.0,108.0,6.3,30.5,35.0,33.0,35.2,20.0,7.6,12.4,61.3,7.6,12.4,61.3,0.0,0.0,0.0,4.8,8.3,57.9,6.7,10.3,17.0,1.2,2.3,2.8,3.1,3.7
318,M201125,Marshon Brooks,77,195,01/26/1989,27,SG,25,2011,85.0,101.0,5.2,34.0,38.5,33.0,36.4,24.8,8.7,18.1,48.1,6.6,11.7,56.2,2.1,6.4,33.5,5.2,6.8,76.2,2.3,4.9,7.2,2.5,1.5,1.2,3.0,2.6
319,J201126,Jordan Hamilton,80,228,10/06/1990,25,SF,26,2011,81.5,104.0,9.8,25.0,32.0,38.0,32.4,22.1,8.0,18.3,43.6,5.0,10.6,47.5,3.0,7.8,38.3,3.1,4.0,78.1,2.3,6.8,9.0,2.5,1.1,0.8,2.6,2.2
320,N201128,Norris Cole,74,174,10/13/1988,27,PG,28,2011,74.25,95.5,4.7,29.5,38.5,35.0,36.1,24.1,7.6,17.9,42.7,6.1,13.2,46.3,1.5,4.6,32.4,7.4,8.6,85.6,0.9,5.7,6.6,6.1,2.4,0.1,3.2,2.8
321,C201129,Cory Joseph,75,186,09/20/1991,24,PG,29,2011,77.5,99.0,9.7,27.5,35.0,38.0,32.5,12.4,4.5,10.6,43.0,2.8,6.4,43.9,1.7,4.1,41.7,1.6,2.3,69.3,0.7,3.6,4.3,3.7,1.3,0.4,1.9,2.1
322,J201130,Jimmy Butler,80,222,09/14/1989,26,SF,30,2011,79.5,101.5,5.4,32.0,39.0,37.0,34.6,17.7,5.7,11.6,49.0,5.1,9.8,51.5,0.6,1.8,34.5,5.7,7.3,78.3,2.7,4.1,6.8,2.6,1.6,0.4,1.6,1.5
323,J201132,Justin Harper,81,228,08/30/1989,26,PF,32,2011,83.75,106.0,4.0,28.5,33.0,39.0,31.7,23.6,8.8,16.5,53.3,6.1,10.4,58.7,2.7,6.1,44.1,3.3,4.1,80.0,2.3,7.0,9.3,1.6,0.9,1.6,1.9,3.0
324,K201133,Kyle Singler,80,228,05/04/1988,28,SF,33,2011,82.1,106.0,10.0,23.0,30.0,37.0,34.8,18.4,6.5,15.0,43.0,4.6,9.3,49.7,1.8,5.7,32.1,3.7,4.6,80.6,2.6,4.9,7.5,1.8,1.0,0.4,2.1,2.9
325,S201134,Shelvin Mack,74,209,04/22/1990,26,PG,34,2011,79.5,96.5,7.1,32.0,39.0,38.0,32.2,20.1,6.6,16.4,40.0,3.7,8.2,44.9,2.9,8.2,35.1,4.1,5.5,75.0,0.9,4.8,5.7,4.4,0.9,0.1,3.2,2.3
326,T201135,Tyler Honeycutt,80,187,07/15/1990,25,SF,35,2011,81.0,105.0,5.3,30.0,37.0,34.0,34.9,14.5,5.0,12.2,40.4,3.1,7.0,44.2,1.9,5.3,35.4,2.7,3.6,74.1,1.7,6.5,8.2,3.2,1.0,2.3,3.4,1.8
327,J201136,Jordan Williams,81,247,10/11/1990,25,C,36,2011,84.25,106.5,12.1,25.0,30.5,34.0,32.4,19.3,7.3,13.8,52.6,7.3,13.8,52.6,0.0,0.0,0.0,4.7,8.2,57.9,4.4,9.3,13.6,0.7,0.8,1.6,1.8,2.8
328,T201137,Trey Thompkins,82,239,05/29/1990,25,PF,37,2011,85.0,107.5,15.5,27.5,30.5,32.0,31.5,21.0,8.4,17.2,48.7,7.4,14.2,52.4,1.0,3.0,31.6,3.3,4.9,68.3,2.4,7.1,9.5,1.8,1.4,2.1,3.4,2.9
329,C201138,Chandler Parsons,82,221,10/25/1988,27,SF,38,2011,81.5,104.5,7.0,25.5,31.5,36.0,34.1,13.4,5.1,10.7,48.0,3.7,6.8,54.4,1.4,3.9,36.8,1.8,3.2,55.7,2.4,6.8,9.2,4.5,1.1,0.5,2.7,2.2
330,J201140,Jon Leuer,83,223,05/14/1989,26,PF,40,2011,84.0,105.5,5.4,29.5,36.5,35.0,33.5,25.3,9.3,19.6,47.3,7.1,13.7,51.9,2.2,5.9,36.7,4.6,5.5,84.1,2.3,7.8,10.0,2.3,0.7,1.3,2.1,3.1
331,D201141,Darius Morris,77,190,01/03/1991,25,PG,41,2011,79.5,102.0,5.3,24.5,32.0,37.0,34.3,18.6,7.1,14.8,48.1,6.6,12.5,52.6,0.5,2.3,23.9,3.9,5.4,72.0,1.1,3.9,5.0,8.1,1.2,0.0,3.9,2.9
332,M201143,Malcolm Lee,77,198,05/22/1990,25,SG,43,2011,81.75,101.5,5.9,30.0,35.5,34.0,33.1,15.6,5.1,11.7,43.2,3.6,6.9,53.1,1.4,4.8,29.2,4.1,5.2,77.7,0.8,2.9,3.7,2.4,0.7,0.2,2.0,2.9
333,C201144,Charles Jenkins,75,216,02/28/1989,27,PG,44,2011,79.5,96.5,4.3,29.5,34.0,33.0,37.4,24.5,8.1,15.9,51.1,5.9,10.7,55.6,2.2,5.2,42.0,6.1,7.4,82.9,0.5,2.9,3.4,5.2,1.9,0.6,2.4,2.2
334,J201145,Josh Harrellson,81,279,02/12/1989,27,C,45,2011,83.25,104.5,15.2,30.0,31.0,41.0,28.5,10.7,4.7,7.8,59.7,4.6,7.4,61.9,0.1,0.4,18.2,1.2,2.1,58.1,5.2,7.2,12.4,1.1,1.2,2.1,1.0,3.4
335,A201146,Andrew Goudelock,75,198,12/07/1988,27,PG,46,2011,76.25,96.5,9.9,32.5,37.0,38.0,35.3,26.6,9.7,21.4,45.2,5.8,11.7,49.4,3.9,9.7,40.2,3.3,4.0,82.4,0.8,3.6,4.4,4.7,1.0,0.2,3.6,2.0
336,T201147,Travis Leslie,76,205,03/29/1990,26,SF,47,2011,82.5,103.0,8.1,33.0,40.5,36.0,32.9,17.9,6.7,13.7,48.9,6.2,12.1,51.4,0.5,1.6,29.8,4.0,5.1,80.0,4.1,4.9,9.0,3.3,1.5,0.7,2.6,2.4
337,K201148,Keith Benson,83,217,08/13/1988,27,PF,48,2011,87.75,109.5,6.1,31.5,36.0,37.0,33.1,19.8,7.3,13.5,54.3,7.1,12.9,55.2,0.2,0.7,36.4,4.9,7.8,63.5,2.9,8.7,11.6,1.3,0.9,4.1,2.2,3.4
338,J201149,Josh Selby,75,195,03/27/1991,25,SG,49,2011,77.25,98.0,7.9,29.5,42.0,26.0,20.4,14.9,5.2,14.0,37.3,2.8,7.2,38.4,2.5,6.8,36.2,2.0,2.7,75.7,0.7,3.5,4.2,4.1,1.5,0.1,3.8,3.2
339,J201151,Jon Diebler,78,197,06/22/1988,27,SG,51,2011,78.0,99.0,8.5,28.0,35.0,39.0,35.8,14.8,4.6,9.1,50.5,1.0,1.9,53.1,3.6,7.2,49.8,2.0,2.4,80.5,0.4,2.7,3.1,2.8,1.1,0.2,1.2,1.2
340,V201152,Vernon Macklin,82,243,09/26/1986,29,C,52,2011,87.5,108.75,0.0,31.0,0.0,37.0,24.5,19.2,8.6,14.4,59.3,8.6,14.4,59.3,0.0,0.0,0.0,2.1,4.6,45.1,3.7,5.2,8.9,1.3,0.6,1.2,2.8,4.1
341,D201153,DeAndre Liggins,78,202,03/31/1988,28,SG,53,2011,83.0,103.5,5.0,27.0,31.0,41.0,31.6,11.1,3.7,8.6,43.3,2.5,5.5,44.4,1.3,3.1,41.4,2.3,3.6,64.9,0.8,4.4,5.2,3.5,1.5,0.9,1.8,3.1
342,I201160,Isaiah Thomas,70,186,02/07/1989,27,PG,60,2011,73.75,91.5,6.7,31.5,40.0,35.0,31.9,19.4,6.2,13.9,44.5,4.2,8.2,51.2,2.0,5.7,34.9,5.0,6.9,71.9,0.9,3.2,4.1,7.0,1.5,0.1,3.4,2.5
343,A20121,Anthony Davis,82,222,03/11/1993,23,PF,1,2012,89.5,108.0,7.9,0.0,0.0,40.0,32.0,17.6,6.5,10.5,62.3,6.4,9.8,65.3,0.1,0.6,15.0,4.5,6.3,70.9,3.7,9.2,12.9,1.6,1.7,5.8,1.3,2.4
344,M20122,Michael Kidd-Gilchrist,79,233,09/28/1993,22,SF,2,2012,84.0,104.5,7.0,32.0,35.5,40.0,31.1,15.2,5.1,10.4,49.1,4.7,8.8,53.5,0.4,1.6,25.5,4.6,6.1,74.5,3.3,6.2,9.5,2.4,1.2,1.2,2.8,3.1
345,B20123,Bradley Beal,77,202,06/28/1993,22,SG,3,2012,80.0,100.0,6.0,33.0,39.0,37.0,34.2,17.3,5.6,12.5,44.5,3.6,6.6,54.1,2.0,5.9,33.9,4.2,5.5,76.9,1.6,6.3,7.9,2.6,1.6,1.0,2.5,2.4
346,D20124,Dion Waiters,76,221,12/01/1991,24,SG,4,2012,79.25,98.0,8.5,0.0,0.0,37.0,24.1,21.2,7.7,16.2,47.6,5.8,11.1,52.9,1.9,5.1,36.3,3.9,5.3,72.9,0.8,3.0,3.9,4.2,3.0,0.5,2.2,3.1
347,T20125,Thomas Robinson,81,244,03/17/1991,25,PF,5,2012,87.25,106.0,5.0,28.5,35.5,39.0,31.8,21.8,8.2,16.3,50.5,8.0,15.9,50.5,0.2,0.4,50.0,5.1,7.5,68.2,3.6,11.0,14.6,2.3,1.3,1.1,3.3,3.4
348,D20126,Damian Lillard,75,189,07/15/1990,25,PG,6,2012,79.75,95.5,5.9,34.5,39.5,30.0,35.3,26.9,7.9,17.4,45.5,4.8,9.4,50.4,3.2,8.0,39.6,7.9,9.0,88.5,0.6,4.7,5.3,4.5,1.7,0.3,2.5,2.2
349,H20127,Harrison Barnes,80,228,05/30/1992,23,SF,7,2012,83.25,101.5,9.6,38.0,39.5,38.0,29.2,21.1,7.5,17.0,44.0,5.9,12.5,46.9,1.6,4.5,35.8,4.6,6.4,72.3,2.4,4.0,6.5,1.4,1.3,0.4,2.4,2.2
350,T20128,Terrence Ross,79,197,02/05/1991,25,SG,8,2012,79.25,100.5,3.2,31.0,37.5,35.0,31.1,19.6,7.4,16.1,45.7,4.9,9.4,51.8,2.5,6.6,37.1,2.5,3.2,76.6,1.6,6.1,7.7,1.7,1.5,1.1,2.4,3.4
351,A20129,Andre Drummond,84,279,08/10/1993,22,C,9,2012,90.25,109.5,7.5,31.5,33.5,34.0,28.4,14.3,6.6,12.3,53.8,6.6,12.2,54.1,0.0,0.1,0.0,1.1,3.7,29.5,4.8,6.0,10.8,0.6,1.2,3.9,2.2,3.1
352,A201210,Austin Rivers,77,203,08/01/1992,23,SG,10,2012,79.25,96.5,6.2,32.5,37.5,34.0,33.2,18.0,5.9,13.7,43.3,4.0,8.3,47.7,2.0,5.4,36.5,4.1,6.3,65.8,0.7,3.2,3.9,2.4,1.1,0.0,2.7,2.6
353,M201211,Meyers Leonard,85,250,02/27/1992,24,C,11,2012,87.0,108.0,5.7,30.0,32.5,32.0,31.8,17.2,6.7,11.5,58.4,6.7,11.1,60.4,0.0,0.4,9.1,3.7,5.0,73.2,2.9,7.5,10.4,1.7,0.6,2.4,2.7,3.7
354,J201212,Jeremy Lamb,77,179,05/30/1992,23,SG,12,2012,83.0,102.0,4.5,31.5,38.0,34.0,37.2,19.3,7.0,14.6,47.8,4.7,7.8,60.1,2.3,6.8,33.6,3.1,3.9,81.0,1.0,4.3,5.3,1.9,1.3,0.7,2.2,1.8
355,K201213,Kendall Marshall,76,198,09/19/1991,24,PG,13,2012,77.5,96.0,7.8,31.0,37.0,36.0,33.0,8.9,3.2,6.9,46.7,2.3,4.4,52.7,0.9,2.4,35.4,1.7,2.4,69.6,0.2,2.7,2.9,10.7,1.3,0.2,3.1,1.7
356,J201214,John Henson,82,216,12/28/1990,25,PF,14,2012,89.0,112.0,8.6,25.5,30.0,35.0,29.1,17.0,7.3,14.6,50.0,7.3,14.6,50.0,0.0,0.0,0.0,2.5,4.8,51.1,3.2,9.2,12.4,1.6,0.7,3.6,1.6,2.0
357,M201215,Moe Harkless,81,207,05/11/1993,22,SF,15,2012,84.0,102.5,5.3,32.5,37.0,32.0,36.1,16.8,6.5,14.4,45.2,6.0,11.8,50.6,0.6,2.7,21.5,3.2,4.7,67.6,3.0,6.4,9.3,1.6,1.7,1.5,2.7,2.5
358,R201216,Royce White,80,261,04/10/1991,25,PF,16,2012,84.0,104.5,10.6,0.0,0.0,34.0,31.5,16.7,6.4,12.0,53.4,6.3,11.6,54.1,0.1,0.4,33.3,3.7,7.5,49.8,3.1,8.5,11.6,6.2,1.5,1.2,4.8,3.3
359,T201217,Tyler Zeller,84,247,01/17/1990,26,C,17,2012,84.0,104.5,6.4,30.0,34.0,38.0,28.2,21.0,7.4,13.5,55.3,7.4,13.5,55.3,0.0,0.0,0.0,6.1,7.6,80.8,4.9,7.4,12.3,1.2,1.2,2.0,2.5,3.5
360,T201218,Terrence Jones,81,252,01/09/1992,24,PF,18,2012,86.25,107.0,7.7,29.5,34.5,38.0,29.3,16.7,6.3,12.6,50.0,5.7,10.9,52.8,0.6,1.7,32.7,3.5,5.6,62.7,3.4,6.3,9.7,1.8,1.7,2.4,2.2,3.2
361,A201219,Andrew Nicholson,81,234,12/08/1989,26,PF,19,2012,88.0,107.0,7.6,28.5,30.5,32.0,30.1,24.6,9.2,16.0,57.1,8.2,13.8,59.3,1.0,2.2,43.4,5.3,6.9,77.6,3.5,7.8,11.2,1.4,0.9,2.6,3.3,3.8
362,J201221,Jared Sullinger,81,268,03/04/1992,24,C,21,2012,85.25,105.5,10.7,29.5,31.0,37.0,30.4,22.7,8.0,15.4,51.9,7.4,14.0,53.1,0.6,1.4,40.0,6.1,8.0,76.8,4.1,7.9,11.9,1.6,1.5,1.4,2.5,3.8
363,F201222,Fab Melo,84,255,06/20/1990,25,C,22,2012,86.5,110.0,9.2,29.5,31.0,30.0,25.4,12.4,5.2,9.2,56.6,5.2,9.2,56.6,0.0,0.0,0.0,2.0,3.2,63.3,4.2,5.0,9.3,1.1,0.8,4.7,2.3,4.5
364,J201223,John Jenkins,76,212,03/06/1991,25,SG,23,2012,80.5,98.0,7.1,30.5,36.5,35.0,33.6,23.6,7.3,15.5,47.4,2.8,5.2,54.2,4.5,10.3,43.9,4.3,5.2,83.7,0.5,2.9,3.4,1.4,1.0,0.4,1.9,1.4
365,J201224,Jared Cunningham,77,188,05/22/1991,24,SG,24,2012,78.5,98.0,3.6,0.0,0.0,34.0,35.1,18.5,5.7,12.8,44.5,4.3,8.6,49.8,1.5,4.3,34.0,5.6,7.7,72.6,1.1,3.0,4.1,2.9,2.6,0.5,3.0,2.5
366,T201225,Tony Wroten,78,203,04/14/1993,23,PG,25,2012,81.0,101.0,5.2,30.0,35.5,35.0,30.3,19.6,6.9,15.7,44.3,6.6,13.7,48.3,0.3,2.0,16.1,5.4,9.3,58.3,2.8,3.4,6.2,4.5,2.3,0.5,4.6,3.3
367,M201226,Miles Plumlee,84,252,09/01/1988,27,C,26,2012,84.75,105.5,11.4,34.0,40.5,34.0,20.5,12.5,4.9,8.1,61.0,4.9,8.1,61.0,0.0,0.0,0.0,2.7,4.2,63.2,5.5,7.9,13.4,1.0,1.0,1.8,2.3,4.3
368,A201227,Arnett Moultrie,83,233,11/18/1990,25,PF,27,2012,86.25,106.5,7.7,33.5,37.5,30.0,35.8,18.1,6.6,12.1,54.9,6.3,11.4,55.5,0.3,0.7,44.4,4.6,5.9,78.0,4.0,7.5,11.6,1.3,0.9,0.8,2.7,2.5
369,P201228,Perry Jones,83,234,09/24/1991,24,PF,28,2012,85.75,107.0,4.6,33.0,38.5,32.0,30.9,17.4,7.1,14.3,49.6,6.7,13.0,51.5,0.4,1.3,30.3,2.8,4.0,69.6,3.4,6.4,9.8,1.6,1.1,0.8,2.1,3.0
370,M201229,Marquis Teague,74,184,02/28/1993,23,PG,29,2012,79.0,98.0,0.0,30.5,36.5,40.0,32.6,12.2,4.4,10.7,41.2,3.6,8.3,43.8,0.8,2.4,32.5,2.6,3.6,71.4,0.5,2.6,3.1,5.8,1.1,0.3,3.3,2.8
371,F201230,Festus Ezeli,83,264,10/21/1989,26,C,30,2012,89.75,108.0,5.5,34.0,33.5,26.0,23.2,17.3,5.9,10.9,53.9,5.9,10.9,53.9,0.0,0.0,0.0,5.5,9.2,60.4,4.1,6.1,10.2,0.5,0.7,3.4,3.8,5.4
372,J201231,Jeff Taylor,79,213,05/23/1989,26,SF,31,2012,78.25,101.5,4.2,33.5,40.0,36.0,32.1,20.0,7.2,14.7,49.3,5.0,9.3,53.3,2.3,5.4,42.3,3.3,5.4,60.5,2.7,4.2,6.9,2.1,1.6,0.6,2.7,2.3
373,B201233,Bernard James,82,230,02/07/1985,31,C,33,2012,87.0,108.5,5.0,30.0,32.5,35.0,28.0,14.9,6.2,10.2,60.6,6.2,10.2,60.6,0.0,0.0,0.0,2.5,4.6,55.2,4.2,6.9,11.1,0.6,1.0,3.2,2.9,2.7
374,J201234,Jae Crowder,78,241,07/06/1990,25,SF,34,2012,81.25,99.5,9.0,31.0,34.5,35.0,32.9,19.9,7.0,14.1,49.8,5.1,8.4,60.2,2.0,5.7,34.5,3.9,5.3,73.5,2.3,7.3,9.5,2.4,2.9,1.1,1.4,3.0
375,D201235,Draymond Green,79,236,03/04/1990,26,PF,35,2012,85.25,105.0,11.3,28.0,33.0,37.0,33.2,19.7,7.0,15.5,44.9,5.3,11.1,47.3,1.7,4.4,38.8,4.1,5.7,72.3,2.6,10.3,12.9,4.6,1.8,1.2,3.7,3.4
376,O201236,Orlando Johnson,77,224,03/11/1989,27,SG,36,2012,83.25,99.0,7.0,32.0,39.5,29.0,34.5,23.3,7.8,17.2,45.2,5.1,10.9,46.7,2.7,6.3,42.7,5.0,7.0,71.3,1.7,5.1,6.8,3.4,1.2,0.8,2.9,2.1
377,Q201237,Quincy Acy,80,224,10/06/1990,25,PF,37,2012,83.0,105.5,0.0,28.5,30.5,37.0,29.9,15.3,5.2,9.3,56.5,5.1,9.1,56.4,0.1,0.2,60.0,4.7,6.0,77.6,3.4,6.4,9.8,1.3,1.2,2.4,2.5,4.1
378,Q201238,Quincy Miller,82,219,11/18/1992,23,SF,38,2012,85.25,105.0,7.8,30.5,36.0,36.0,24.4,17.4,6.1,13.6,44.9,5.0,10.6,47.5,1.1,3.0,35.8,4.1,5.0,82.1,2.4,5.5,7.9,2.2,1.0,1.0,2.9,3.0
379,K201239,Khris Middleton,80,216,08/12/1991,24,SF,39,2012,82.75,103.0,7.8,28.0,31.0,19.0,29.1,19.0,7.3,17.7,41.0,5.8,12.1,48.1,1.4,5.6,25.7,3.0,3.9,75.0,2.0,5.4,7.4,3.1,1.4,0.4,3.1,2.8
380,W201240,Will Barton,78,174,01/06/1991,25,SF,40,2012,81.75,102.5,4.1,30.0,34.0,35.0,35.3,19.8,7.2,14.2,50.9,6.1,10.8,55.9,1.2,3.4,34.6,4.2,5.6,74.9,2.2,6.6,8.8,3.2,1.6,0.8,2.4,2.3
381,T201241,Tyshawn Taylor,76,177,04/12/1990,26,PG,41,2012,78.25,97.5,4.2,32.0,36.5,39.0,33.4,19.4,6.8,14.2,47.7,5.0,9.7,52.2,1.7,4.6,38.2,4.1,6.0,68.8,0.2,2.5,2.7,5.6,1.6,0.2,4.1,2.3
382,D201242,Doron Lamb,77,199,11/06/1991,24,SG,42,2012,78.75,98.5,6.7,29.0,33.5,40.0,31.2,17.5,5.6,11.7,47.4,3.2,6.6,48.1,2.4,5.2,46.6,3.9,4.7,82.6,0.5,3.0,3.4,1.9,0.6,0.1,1.4,2.3
383,M201243,Mike Scott,81,241,07/16/1988,27,PF,43,2012,82.75,104.0,10.6,27.0,32.5,32.0,31.2,24.9,9.3,16.5,56.3,9.1,15.7,57.7,0.3,0.9,30.0,6.0,7.4,80.8,3.0,8.4,11.5,1.6,0.9,0.6,2.9,2.4
384,K201244,Kim English,78,192,09/24/1988,27,SG,44,2012,78.5,98.0,4.3,29.0,36.5,35.0,33.6,17.1,5.8,11.1,52.1,3.1,5.3,58.9,2.6,5.7,45.9,2.9,4.1,72.5,1.0,4.0,5.0,1.9,1.5,0.3,2.0,2.8
385,J201245,Justin Hamilton,83,264,04/01/1990,26,C,45,2012,85.5,109.25,15.5,26.8,28.8,33.0,30.0,16.9,6.3,12.7,49.4,6.2,12.2,50.3,0.1,0.5,25.0,4.2,5.4,78.1,4.3,5.1,9.5,1.2,1.0,1.7,2.3,3.3
386,D201246,Darius Miller,79,233,03/21/1990,26,SF,46,2012,81.0,101.0,7.5,33.0,37.0,40.0,26.1,15.1,5.5,11.5,47.4,3.3,5.8,56.9,2.1,5.7,37.6,2.1,2.6,79.7,1.4,2.8,4.2,3.1,1.3,0.5,2.2,3.3
387,K201247,Kevin Murphy,78,194,03/06/1990,26,SG,47,2012,78.75,99.0,5.8,31.0,36.5,31.0,34.6,23.0,8.1,18.5,43.8,5.3,11.9,44.8,2.7,6.5,42.0,4.1,5.7,71.1,1.0,5.0,6.0,2.6,0.9,0.3,3.8,2.4
388,K201251,Kris Joseph,79,215,12/17/1988,27,SF,51,2012,83.0,104.0,8.6,28.5,35.0,37.0,32.2,16.8,5.6,13.2,42.1,3.8,8.2,46.7,1.7,5.0,34.5,4.0,5.3,74.5,1.9,4.0,5.9,1.9,1.7,0.8,1.9,2.1
389,D201255,Darius Johnson-Odom,75,212,09/28/1989,26,SG,55,2012,79.0,96.0,7.0,33.5,41.5,34.0,32.9,20.8,7.0,15.7,44.7,4.4,9.0,49.3,2.6,6.7,38.5,4.2,5.5,76.4,0.7,3.2,4.0,3.1,1.1,0.1,2.7,2.3
390,R201258,Robbie Hummel,80,218,03/08/1989,27,SF,58,2012,80.5,102.0,9.4,27.5,30.0,35.0,32.2,20.8,7.0,16.9,41.7,4.4,10.0,44.0,2.6,6.8,38.3,4.1,5.0,82.5,2.0,7.1,9.1,2.4,0.8,1.5,1.2,2.6
391,M201259,Marcus Denmon,75,188,03/20/1990,26,SG,59,2012,77.0,94.5,6.6,33.5,40.0,35.0,34.6,20.3,6.6,14.2,46.0,3.3,6.3,52.6,3.2,8.0,40.7,3.9,4.4,89.6,1.1,4.6,5.8,2.4,1.8,0.0,1.3,1.1
392,R201260,Robert Sacre,84,263,06/06/1989,26,C,60,2012,84.5,107.5,11.1,29.0,30.0,33.0,26.3,17.6,5.4,10.5,51.1,5.4,10.4,51.5,0.0,0.1,0.0,6.9,9.0,76.1,3.1,6.5,9.5,1.1,0.6,2.2,2.8,3.3
393,A20131,Anthony Bennett,79,239,03/14/1993,23,PF,1,2013,85.0,0.0,0.0,0.0,0.0,34.0,27.2,22.0,7.9,15.0,52.6,6.4,11.1,57.6,1.5,3.9,38.3,4.8,6.9,69.6,3.3,7.8,11.1,1.3,1.0,1.6,2.6,3.2
394,V20132,Victor Oladipo,76,213,05/04/1992,24,SG,2,2013,81.25,100.5,6.6,33.0,42.0,36.0,28.4,18.8,7.0,11.6,59.9,5.8,9.0,64.4,1.1,2.6,44.1,3.7,5.0,74.6,3.6,5.2,8.7,2.8,3.0,1.1,3.1,3.4
395,O20133,Otto Porter,81,198,06/03/1993,22,SF,3,2013,85.5,105.5,6.7,27.0,36.0,31.0,35.4,19.1,6.4,13.3,48.0,4.8,9.4,50.4,1.6,3.9,42.2,4.6,6.0,77.7,2.1,6.7,8.8,3.2,2.2,1.1,1.8,2.3
396,C20134,Cody Zeller,84,230,10/05/1992,23,PF,4,2013,82.75,106.0,4.8,35.5,37.5,36.0,29.5,21.8,7.3,13.0,56.2,7.3,12.9,56.5,0.0,0.1,0.0,7.2,9.5,75.7,3.7,6.9,10.7,1.7,1.4,1.7,3.0,2.9
397,A20135,Alex Len,85,255,06/16/1993,22,C,5,2013,87.5,0.0,6.4,0.0,0.0,38.0,26.4,17.5,6.7,12.5,53.4,6.7,12.2,54.4,0.0,0.3,12.5,4.1,5.9,68.6,4.2,7.3,11.5,1.4,0.3,3.0,2.3,3.9
398,N20136,Nerlens Noel,84,206,04/10/1994,22,C,6,2013,87.75,110.0,4.2,0.0,0.0,24.0,31.9,12.8,5.0,8.5,59.0,5.0,8.5,59.0,0.0,0.0,0.0,2.8,5.3,52.9,3.3,8.3,11.6,1.9,2.6,5.4,2.3,3.2
399,B20137,Ben McLemore,77,189,02/11/1993,23,SG,7,2013,79.75,100.5,5.0,32.5,42.0,37.0,32.2,18.9,6.4,12.8,49.5,4.0,7.3,55.3,2.3,5.6,42.0,3.9,4.4,87.0,1.5,4.7,6.2,2.3,1.2,0.8,2.5,2.2
400,K20138,Kentavious Caldwell-Pope,78,204,02/18/1993,23,SG,8,2013,80.0,100.5,6.5,29.0,34.5,33.0,33.9,22.8,7.2,16.5,43.8,4.0,7.9,50.5,3.3,8.6,37.7,5.1,6.4,79.7,1.4,7.3,8.7,2.2,2.5,0.6,2.5,2.7
401,T20139,Trey Burke,73,187,11/12/1992,23,PG,9,2013,77.5,97.5,6.9,29.5,36.5,38.0,35.4,21.5,7.6,16.5,46.0,5.4,10.7,50.3,2.3,5.9,38.3,4.0,5.0,80.5,0.6,3.1,3.7,7.7,1.9,0.6,2.5,2.2
402,C201310,C.J. McCollum,75,197,09/19/1991,24,PG,10,2013,78.25,96.5,8.6,32.0,38.5,12.0,31.0,30.6,10.2,20.7,49.5,6.7,13.9,48.5,3.5,6.8,51.6,6.6,7.8,84.9,1.3,5.1,6.4,3.7,1.8,0.4,3.4,2.2
403,M201311,Michael Carter-Williams,78,184,10/12/1991,24,PG,11,2013,79.25,101.0,4.4,31.5,41.0,40.0,35.2,13.5,4.4,11.2,39.3,3.4,7.8,43.8,1.0,3.4,29.2,3.7,5.3,69.4,1.5,4.1,5.5,8.3,3.2,0.5,3.9,2.6
404,S201312,Steven Adams,84,255,07/28/1993,22,C,12,2013,88.5,109.5,6.7,28.5,33.0,32.0,23.4,13.2,5.7,10.0,57.1,5.7,10.0,57.1,0.0,0.0,0.0,1.8,4.0,44.3,5.2,6.5,11.6,1.1,1.2,3.7,2.0,3.0
405,K201313,Kelly Olynyk,84,234,04/19/1991,25,C,13,2013,81.75,108.0,6.7,24.5,29.5,31.0,26.5,27.7,10.4,16.5,63.1,9.9,15.0,66.1,0.4,1.4,31.0,6.5,8.3,78.0,3.7,7.4,11.1,2.6,1.0,1.7,3.7,3.5
406,S201314,Shabazz Muhammad,78,222,11/13/1992,23,SF,14,2013,83.0,104.5,9.0,29.5,37.0,32.0,30.8,21.6,7.6,17.3,44.3,6.1,13.2,46.3,1.5,4.0,37.7,4.8,6.8,71.1,3.3,3.0,6.3,1.0,0.9,0.2,1.9,2.0
407,S201318,Shane Larkin,71,171,10/02/1992,23,PG,18,2013,70.75,89.5,3.8,34.5,44.0,36.0,36.4,16.4,5.7,12.0,47.9,3.6,6.7,53.8,2.2,5.3,40.6,2.7,3.5,77.7,0.5,3.8,4.3,5.1,2.2,0.1,2.6,1.9
408,T201320,Tony Snell,79,198,11/10/1991,24,SF,20,2013,83.5,105.5,4.9,30.0,36.5,35.0,31.2,16.3,5.3,12.7,42.2,3.0,6.6,45.2,2.4,6.1,39.0,3.2,3.8,84.3,0.5,2.9,3.4,3.7,1.1,0.6,2.7,1.7
409,G201321,Gorgui Dieng,83,230,01/18/1990,26,C,21,2013,87.5,111.5,5.4,0.0,0.0,33.0,31.1,12.3,4.8,8.9,53.4,4.8,8.9,53.4,0.0,0.0,0.0,2.8,4.3,65.2,4.3,7.5,11.8,2.5,1.7,3.2,2.2,3.2
410,M201322,Mason Plumlee,84,238,03/05/1990,26,C,22,2013,83.0,108.0,6.2,30.5,36.0,36.0,34.7,19.0,6.8,11.4,59.9,6.8,11.4,59.9,0.0,0.0,0.0,5.4,7.9,68.1,3.0,8.0,11.1,2.2,1.1,1.6,3.2,2.8
411,S201323,Solomon Hill,79,226,03/18/1991,25,SF,23,2013,81.0,103.0,7.6,29.5,37.5,35.0,33.0,16.0,5.4,11.8,45.8,3.5,6.8,50.8,1.9,5.0,39.0,3.2,4.2,76.6,2.1,4.3,6.4,3.2,1.4,0.7,2.6,2.6
412,R201325,Reggie Bullock,79,200,03/16/1991,25,SF,25,2013,80.75,102.0,7.0,31.0,36.5,34.0,31.6,16.1,5.6,11.9,47.6,2.7,5.1,53.7,2.9,6.8,42.9,1.9,2.5,76.7,2.4,5.3,7.6,3.2,1.4,0.3,1.5,1.7
413,A201326,Andre Roberson,79,206,12/04/1991,24,PF,26,2013,83.0,104.5,7.1,30.0,36.5,31.0,33.4,12.9,5.1,10.5,48.0,4.3,8.3,52.1,0.7,2.2,32.8,2.1,3.7,55.1,3.5,9.8,13.3,1.7,2.6,1.6,2.8,3.0
414,A201329,Archie Goodwin,77,189,08/17/1994,21,SG,29,2013,81.5,102.0,4.6,30.0,36.0,33.0,31.8,17.4,5.9,13.3,44.0,5.2,10.9,47.8,0.6,2.4,26.6,5.0,7.9,63.7,1.8,3.9,5.7,3.3,1.3,0.6,3.8,3.6
415,A201331,Allen Crabbe,78,197,04/04/1992,24,SG,31,2013,83.25,103.5,4.7,30.5,36.0,33.0,36.2,20.0,7.1,15.4,45.9,5.0,9.4,53.2,2.1,6.1,34.8,3.7,4.6,81.3,1.1,5.5,6.6,2.9,1.2,0.8,2.7,2.3
416,C201333,Carrick Felix,78,203,08/17/1990,25,SG,33,2013,81.25,103.5,3.3,32.0,38.5,35.0,35.3,15.9,5.9,11.7,50.0,4.3,7.4,57.3,1.6,4.3,37.4,2.5,3.8,66.4,2.3,6.6,8.9,1.8,1.6,1.2,2.2,3.3
417,I201334,Isaiah Canaan,72,188,05/21/1991,24,PG,34,2013,76.5,94.5,5.9,33.0,40.5,29.0,37.1,23.4,7.4,17.2,42.9,4.1,8.4,48.9,3.3,8.8,37.1,5.4,6.5,82.3,0.5,3.1,3.6,4.5,1.7,0.1,3.5,2.1
418,G201335,Glen Rice,78,211,01/01/1991,25,SF,35,2013,81.25,101.5,8.5,33.0,40.5,21.0,29.9,18.1,6.8,14.8,45.7,4.8,8.8,54.1,2.0,6.0,33.3,2.6,4.4,60.6,2.7,6.6,9.3,3.2,1.9,1.2,3.2,3.3
419,R201336,Ray McCallum,74,191,06/12/1991,24,PG,36,2013,75.25,96.5,7.3,30.5,40.0,31.0,37.3,18.7,6.4,13.5,47.7,5.2,9.5,54.5,1.3,4.0,31.7,4.5,6.3,71.5,1.3,3.9,5.2,4.5,2.0,0.6,2.1,2.1
420,T201337,Tony Mitchell,81,236,04/07/1992,24,PF,37,2013,86.5,106.5,5.6,33.5,38.0,30.0,32.8,15.5,5.3,12.1,43.7,4.2,8.3,50.5,1.1,3.8,28.9,3.8,5.7,66.9,2.9,7.1,10.0,0.9,1.2,3.2,2.9,3.5
421,N201338,Nate Wolters,77,196,05/15/1991,24,PG,38,2013,75.75,98.0,5.5,0.0,0.0,31.0,38.5,24.0,7.8,16.3,48.0,5.7,10.7,53.2,2.1,5.6,38.0,6.2,7.6,82.4,1.1,4.7,5.8,6.2,1.9,0.1,2.6,1.6
422,J201339,Jeff Withey,84,222,03/07/1990,26,C,39,2013,86.0,110.5,8.7,26.5,29.0,37.0,30.9,17.0,6.2,10.6,58.2,6.2,10.6,58.0,0.0,0.0,100.0,4.6,6.4,71.4,2.6,7.9,10.5,1.2,0.9,4.9,2.4,2.6
423,G201340,Grant Jerrett,82,232,07/08/1993,22,PF,40,2013,86.0,109.0,10.1,28.5,34.0,34.0,17.8,11.5,4.1,10.0,40.9,2.0,4.9,41.3,2.1,5.1,40.5,1.2,1.4,81.8,2.4,5.5,7.9,1.2,1.0,2.1,1.2,2.9
424,J201341,Jamaal Franklin,77,191,07/21/1991,24,SG,41,2013,83.25,103.5,8.3,0.0,0.0,32.0,33.2,19.7,5.9,14.6,40.4,4.4,9.2,47.8,1.5,5.5,27.9,6.4,8.1,79.0,1.9,9.2,11.1,3.9,1.9,0.9,4.0,3.1
425,P201342,Pierre Jackson,70,176,08/29/1991,24,PG,42,2013,70.0,90.0,4.5,0.0,0.0,36.0,34.8,21.8,6.6,15.5,42.7,3.9,8.0,49.0,2.7,7.5,35.9,5.9,7.4,80.0,0.7,3.4,4.1,7.8,1.7,0.0,3.7,2.5
426,M201344,Mike Muscala,83,230,07/01/1991,24,C,44,2013,85.0,108.0,6.8,28.0,33.5,33.0,32.1,24.8,8.8,17.5,50.6,8.7,16.8,51.5,0.2,0.6,25.0,7.0,8.8,78.8,3.9,10.9,14.8,3.1,0.7,3.1,2.3,2.9
427,E201346,Erick Green,75,178,05/09/1991,24,PG,46,2013,77.75,98.0,4.4,0.0,0.0,32.0,36.6,26.1,8.5,17.9,47.5,6.5,12.8,50.9,2.0,5.1,38.9,7.1,8.7,81.6,0.5,3.6,4.1,3.9,1.4,0.2,2.2,1.4
428,R201348,Ryan Kelly,84,228,04/09/1991,25,PF,48,2013,83.5,110.0,14.8,0.0,0.0,23.0,28.9,17.2,5.6,12.3,45.3,3.5,7.5,47.3,2.0,4.8,42.2,4.0,4.9,81.2,2.2,4.9,7.1,2.2,0.9,2.2,1.3,3.2
429,E201349,Erik Murphy,82,240,10/26/1990,25,PF,49,2013,82.5,108.0,8.0,24.5,29.5,36.0,26.4,19.4,7.2,14.0,51.6,4.1,7.0,57.9,3.2,7.0,45.3,1.8,2.2,78.4,2.6,6.2,8.8,2.2,1.0,1.1,2.2,4.4
430,J201350,James Ennis,79,201,07/01/1990,25,SF,50,2013,83.5,104.5,4.5,29.5,36.5,31.0,33.5,18.6,6.2,12.9,48.3,4.3,7.4,57.6,2.0,5.5,35.8,4.1,4.8,85.3,2.1,5.4,7.5,2.5,2.0,1.5,3.3,2.6
431,R201351,Romero Osby,79,230,05/07/1990,26,PF,51,2013,81.75,104.0,8.9,31.5,35.5,32.0,28.5,21.9,7.5,14.2,52.6,7.1,13.5,52.5,0.4,0.7,52.9,6.6,8.3,79.4,2.8,6.8,9.7,1.7,0.9,1.2,1.8,3.3
432,L201352,Lorenzo Brown,77,189,08/26/1990,25,PG,52,2013,79.0,100.0,4.0,28.0,34.0,33.0,34.2,13.8,4.7,11.3,41.9,4.1,8.8,46.5,0.7,2.6,26.3,3.7,4.7,77.1,0.7,4.1,4.9,8.1,2.2,0.6,3.9,2.2
433,C201353,Colton Iverson,84,263,06/29/1989,26,C,53,2013,86.0,110.0,9.6,0.0,0.0,33.0,30.0,19.2,7.0,11.9,58.9,7.0,11.9,58.9,0.0,0.0,0.0,5.1,8.8,58.5,4.6,8.9,13.5,1.8,0.6,1.0,2.8,3.7
434,A201354,Arsalan Kazemi,80,225,04/22/1990,26,PF,54,2013,84.0,103.5,9.0,30.0,33.5,35.0,29.0,12.1,4.2,7.0,59.5,4.2,7.0,59.8,0.0,0.0,0.0,3.8,5.6,67.5,3.6,9.3,12.9,1.8,2.6,0.9,1.9,2.4
435,P201356,Peyton Siva,73,181,10/24/1990,25,PG,56,2013,75.0,93.0,6.1,33.5,41.5,40.0,31.2,12.6,4.4,10.8,40.4,3.2,6.6,47.6,1.2,4.1,28.8,2.7,3.1,86.7,0.4,2.6,2.9,7.1,2.8,0.2,3.3,3.2
436,A201357,Alex Oriakhi,81,238,06/21/1990,25,PF,57,2013,87.75,108.0,11.6,27.0,32.5,34.0,25.8,16.7,6.0,9.4,63.9,6.0,9.4,63.9,0.0,0.0,0.0,4.6,6.2,74.6,4.6,7.9,12.5,0.5,0.9,2.4,2.1,3.5
437,D201358,Deshaun Thomas,79,220,08/29/1991,24,SF,58,2013,82.0,104.0,9.1,28.5,32.0,37.0,35.4,22.8,8.1,18.1,44.5,5.8,11.6,50.1,2.2,6.5,34.4,4.4,5.3,83.4,2.0,4.9,6.8,1.5,0.6,0.3,1.6,1.7
438,A20141,Andrew Wiggins,80,197,02/23/1995,21,SF,1,2014,84.0,0.0,0.0,0.0,0.0,35.0,32.8,20.0,6.3,14.1,44.8,4.9,9.9,49.3,1.4,4.2,34.1,5.9,7.6,77.5,2.5,4.3,6.9,1.8,1.4,1.1,2.7,3.1
439,J20142,Jabari Parker,80,241,03/15/1995,21,SF,2,2014,83.5,0.0,0.0,0.0,0.0,35.0,30.7,25.3,8.9,18.9,47.2,7.5,14.9,50.3,1.4,4.0,35.8,6.0,8.1,74.8,4.0,7.6,11.5,1.5,1.4,1.6,3.1,3.1
440,J20143,Joel Embiid,84,240,03/16/1994,22,C,3,2014,89.0,0.0,0.0,0.0,0.0,28.0,23.1,18.6,6.3,10.1,62.6,6.3,9.8,63.9,0.1,0.3,20.0,5.8,8.5,68.5,3.9,9.6,13.5,2.3,1.5,4.3,3.9,5.6
441,A20144,Aaron Gordon,81,220,09/16/1995,20,PF,4,2014,83.75,105.0,5.1,32.5,39.0,38.0,31.2,16.3,6.6,13.2,49.5,6.0,11.7,51.3,0.6,1.6,35.6,2.6,6.2,42.2,3.5,7.0,10.5,2.6,1.2,1.4,1.9,3.1
442,M20146,Marcus Smart,75,227,03/06/1994,22,PG,6,2014,81.25,99.0,10.6,33.0,36.0,31.0,32.7,20.5,6.0,14.2,42.2,4.2,8.2,51.4,1.8,6.0,29.9,6.7,9.2,72.8,1.6,5.1,6.7,5.5,3.3,0.7,3.1,3.4
443,J20147,Julius Randle,81,250,11/29/1994,21,PF,7,2014,84.0,105.5,9.4,29.0,35.5,40.0,30.8,19.4,6.4,12.7,50.0,6.3,12.1,51.6,0.1,0.6,16.7,6.6,9.4,70.6,4.5,9.0,13.5,1.8,0.6,1.0,3.3,3.0
444,N20148,Nik Stauskas,78,207,10/07/1993,22,SG,8,2014,79.75,102.0,12.1,29.0,35.5,36.0,35.6,20.8,6.1,13.0,47.0,3.1,6.1,50.0,3.0,6.9,44.2,5.6,6.7,82.4,0.5,3.0,3.5,3.9,0.7,0.4,2.2,1.6
445,N20149,Noah Vonleh,81,247,08/24/1995,20,PF,9,2014,88.25,108.0,7.3,31.0,37.0,30.0,26.5,16.5,5.5,10.5,52.3,4.7,8.9,53.0,0.8,1.6,48.5,4.7,6.5,71.6,3.5,9.6,13.1,0.9,1.3,2.0,3.1,3.9
446,E201410,Elfrid Payton,76,185,02/22/1994,22,PG,10,2014,80.0,98.5,5.7,31.5,35.5,32.0,36.9,19.3,6.8,13.6,50.0,6.4,11.9,53.4,0.4,1.7,25.9,5.2,8.8,59.0,2.4,3.8,6.2,5.7,2.3,0.6,3.8,2.4
447,D201411,Doug McDermott,80,218,01/03/1992,24,SF,11,2014,81.25,103.0,7.1,28.5,36.5,35.0,33.7,32.2,11.4,21.6,52.6,8.1,14.2,56.7,3.3,7.4,44.9,6.1,7.1,86.4,2.0,6.5,8.4,1.9,0.3,0.2,2.1,2.3
448,Z201413,Zach LaVine,78,181,03/10/1995,21,SG,13,2014,80.25,100.0,4.7,33.5,41.5,37.0,24.4,14.6,5.3,12.0,44.1,3.3,6.7,49.4,2.0,5.4,37.5,2.0,2.8,69.1,0.8,3.2,3.9,2.8,1.4,0.3,1.8,3.1
449,T201414,T.J. Warren,80,220,09/05/1993,22,SF,14,2014,82.25,104.0,8.0,27.0,35.5,35.0,35.4,28.4,11.1,21.3,52.5,10.1,17.5,58.0,1.0,3.8,26.7,5.1,7.4,69.0,3.7,4.5,8.1,1.3,2.1,0.7,2.7,3.2
450,A201415,Adreian Payne,82,239,02/18/1991,25,PF,15,2014,88.0,109.0,7.6,0.0,0.0,31.0,28.1,23.3,8.2,16.2,50.3,6.1,11.5,53.6,2.0,4.8,42.3,5.0,6.3,79.0,2.2,8.1,10.3,1.9,0.7,1.3,2.9,3.7
451,J201417,James Young,79,213,08/16/1995,20,SG,17,2014,84.0,104.0,5.1,28.0,35.5,40.0,32.4,17.7,5.6,13.9,40.7,3.1,6.6,47.0,2.5,7.2,34.9,3.9,5.5,70.6,1.3,4.0,5.3,2.1,0.9,0.2,2.3,2.6
452,T201418,Tyler Ennis,74,182,08/24/1994,21,PG,18,2014,79.25,98.0,6.2,29.0,36.0,34.0,35.7,15.8,5.3,12.9,41.1,4.2,9.9,42.9,1.1,3.1,35.3,4.1,5.4,76.5,1.0,3.2,4.1,6.7,2.6,0.2,2.1,2.5
453,G201419,Gary Harris,76,205,09/14/1994,21,SG,19,2014,78.75,96.0,4.6,0.0,0.0,35.0,32.3,20.7,6.9,16.0,42.9,4.0,7.9,50.7,2.9,8.1,35.2,4.1,5.0,81.0,1.3,3.6,4.9,3.3,2.2,0.5,2.1,2.6
454,M201421,Mitch McGary,82,263,06/06/1992,23,C,21,2014,83.5,0.0,0.0,0.0,0.0,8.0,24.6,16.3,6.4,11.8,54.5,6.4,11.4,56.6,0.0,0.4,0.0,3.4,5.2,66.7,4.9,9.2,14.2,2.6,3.2,1.3,2.8,5.4
455,J201422,Jordan Adams,77,209,07/08/1994,21,SG,22,2014,82.0,102.0,10.8,24.5,29.5,36.0,30.1,21.9,7.3,15.0,48.5,5.5,9.9,55.1,1.8,5.1,35.6,5.5,6.6,83.6,2.3,4.4,6.7,2.9,3.3,0.2,1.9,2.7
456,R201423,Rodney Hood,80,208,10/20/1992,23,SF,23,2014,80.5,103.0,7.5,29.0,36.0,35.0,32.9,19.8,6.7,14.5,46.4,4.2,8.6,49.4,2.5,5.9,42.0,3.8,4.8,80.7,1.0,3.8,4.9,2.6,0.9,0.3,1.9,3.2
457,S201424,Shabazz Napier,73,175,07/14/1991,24,PG,24,2014,75.25,93.0,7.4,30.5,37.5,40.0,35.1,20.8,6.2,14.3,42.9,3.6,8.1,44.8,2.5,6.2,40.5,6.0,6.9,87.0,1.1,5.7,6.8,5.6,2.1,0.4,3.3,2.4
458,P201426,P.J. Hairston,77,229,12/24/1992,23,SG,26,2014,81.0,101.0,8.2,32.0,37.0,33.0,23.9,22.5,7.3,16.8,43.1,3.2,6.6,48.6,4.0,10.2,39.5,4.0,5.2,77.5,3.0,3.8,6.8,2.0,1.9,0.7,1.8,2.9
459,C201428,C.J. Wilcox,77,201,12/30/1990,25,SG,28,2014,81.75,100.5,6.5,31.0,37.5,32.0,34.9,20.3,6.8,15.0,45.3,3.7,7.1,52.2,3.1,7.9,39.1,3.6,4.1,87.3,0.8,3.3,4.1,2.8,1.1,1.1,1.9,2.6
460,J201429,Josh Huestis,79,213,12/19/1991,24,SF,29,2014,0.0,0.0,0.0,31.5,38.5,36.0,35.2,12.5,4.9,10.8,45.1,4.1,8.4,48.3,0.8,2.4,33.8,2.0,3.2,62.7,2.8,6.4,9.2,1.3,0.7,2.2,1.3,2.4
461,K201430,Kyle Anderson,80,230,09/20/1993,22,SF,30,2014,86.75,107.5,13.4,0.0,0.0,36.0,33.2,16.7,5.7,11.9,48.0,4.8,10.1,48.0,0.9,1.8,48.3,4.3,5.9,73.7,1.4,8.5,10.0,7.4,2.0,0.9,3.5,1.9
462,K201432,K.J. McDaniels,78,196,02/09/1993,23,SF,32,2014,83.25,102.0,4.5,33.0,37.0,36.0,33.7,22.0,7.5,16.3,45.9,6.0,11.4,52.7,1.5,5.0,30.4,5.5,6.6,84.2,3.1,6.1,9.2,2.0,1.5,3.6,2.9,2.9
463,J201433,Joe Harris,78,215,09/07/1991,24,SF,33,2014,78.0,100.0,6.2,28.5,33.5,37.0,28.8,18.3,6.1,13.9,44.1,3.2,6.5,48.7,3.0,7.4,40.0,3.0,4.7,64.0,0.9,3.6,4.5,3.5,1.4,0.3,2.0,3.6
464,C201434,Cleanthony Early,79,209,04/17/1991,25,SF,34,2014,82.75,101.5,4.5,34.0,40.0,35.0,27.5,24.4,7.8,15.9,48.7,5.0,8.7,57.9,2.7,7.3,37.6,6.2,7.3,84.2,1.9,7.1,9.0,1.1,1.2,1.2,2.9,3.6
465,J201435,Jarnell Stokes,80,263,01/07/1994,22,PF,35,2014,85.25,103.5,8.2,31.0,36.0,35.0,32.6,19.3,7.0,13.0,53.5,7.0,13.0,53.5,0.0,0.0,0.0,5.4,7.9,68.5,5.4,8.1,13.5,2.6,0.9,1.1,2.8,2.7
466,D201437,DeAndre Daniels,80,196,04/15/1992,24,SF,37,2014,86.0,106.5,3.9,26.5,32.0,38.0,29.0,18.3,6.9,14.8,46.9,5.1,10.3,49.1,1.8,4.4,41.7,2.6,3.3,78.7,2.0,6.4,8.4,0.6,1.0,2.0,2.1,3.3
467,S201438,Spencer Dinwiddie,78,205,04/06/1993,23,SG,38,2014,80.25,103.0,5.4,0.0,0.0,17.0,31.1,18.6,4.5,9.8,46.6,2.6,5.1,51.5,1.9,4.7,41.3,7.6,8.9,85.7,0.6,3.3,3.9,4.8,1.9,0.3,2.2,2.4
468,J201439,Jerami Grant,80,214,03/12/1994,22,SF,39,2014,86.75,107.0,3.8,0.0,0.0,32.0,31.4,16.8,5.8,11.6,49.6,5.8,11.4,50.6,0.0,0.2,0.0,5.2,7.7,67.4,3.4,6.0,9.4,1.9,1.1,0.8,1.6,3.3
469,G201440,Glenn Robinson,79,211,01/08/1994,22,SF,40,2014,82.0,100.5,5.1,36.5,41.5,37.0,32.3,17.2,6.5,13.2,48.8,5.3,9.4,56.2,1.2,3.8,30.6,3.1,4.1,75.7,1.9,3.9,5.8,1.6,1.2,0.4,1.6,2.0
470,N201442,Nick Johnson,75,198,12/22/1992,23,SG,42,2014,79.25,96.5,6.1,33.5,41.5,38.0,33.0,20.3,6.7,15.5,43.2,4.7,10.0,46.9,2.0,5.5,36.7,4.8,6.1,78.1,1.0,4.0,5.1,3.5,1.4,0.8,2.1,2.5
471,M201444,Markel Brown,75,184,01/29/1992,24,SG,44,2014,80.75,100.0,4.2,36.5,43.5,34.0,35.3,18.2,5.9,12.5,47.3,4.2,8.0,52.5,1.7,4.5,37.9,4.6,6.0,76.8,1.1,4.4,5.6,3.1,1.1,1.1,1.7,2.7
472,D201445,Dwight Powell,83,234,07/20/1991,24,PF,45,2014,84.5,105.0,6.2,28.5,35.0,36.0,32.4,17.1,5.9,12.8,46.2,5.6,11.5,48.5,0.3,1.3,25.6,4.9,7.1,68.7,2.4,6.0,8.4,3.8,1.6,1.0,3.5,3.8
473,J201446,Jordan Clarkson,77,186,06/07/1992,23,PG,46,2014,80.0,98.0,4.3,33.0,38.5,35.0,35.1,20.1,6.9,15.3,44.7,5.8,11.6,50.0,1.0,3.7,28.1,5.3,6.4,83.1,0.9,3.5,4.4,3.9,1.2,0.2,3.0,2.5
474,R201447,Russ Smith,73,160,04/19/1991,25,PG,47,2014,0.0,0.0,0.0,31.5,37.0,37.0,29.3,23.9,8.0,17.1,46.8,5.5,10.7,51.7,2.5,6.4,38.7,5.4,7.7,70.5,1.0,3.3,4.3,6.1,2.6,0.1,3.7,3.3
475,L201448,Lamar Patterson,77,226,08/12/1991,24,SG,48,2014,83.0,101.0,10.8,27.5,32.5,36.0,32.6,21.9,7.2,16.3,44.1,4.3,9.0,48.4,2.8,7.3,38.8,4.7,6.2,75.4,1.2,5.0,6.2,5.5,1.8,0.4,3.3,2.6
476,C201449,Cameron Bairstow,82,252,12/07/1990,25,PF,49,2014,84.75,107.0,8.7,31.0,33.5,34.0,32.9,24.8,8.5,15.2,55.6,8.4,15.1,55.8,0.0,0.1,33.3,7.8,10.7,73.5,2.7,6.3,9.0,1.9,0.7,1.8,2.4,2.6
477,A201450,Alec Brown,85,231,07/23/1992,23,C,50,2014,85.5,109.0,7.7,27.0,30.0,27.0,30.7,20.0,7.1,14.7,48.4,5.2,10.3,50.0,1.9,4.4,44.6,3.8,5.1,75.7,2.5,4.4,6.9,1.4,0.7,3.6,2.9,3.1
478,S201455,Semaj Christon,75,186,11/01/1992,23,PG,55,2014,78.5,99.0,5.3,30.5,36.5,34.0,35.3,19.3,6.7,14.0,47.9,6.1,12.4,49.1,0.6,1.6,38.8,5.2,7.9,66.8,0.5,2.5,3.0,4.7,1.5,0.3,3.0,2.4
479,D201456,Devyn Marble,78,192,09/21/1992,23,SG,56,2014,81.0,102.0,6.9,29.0,35.0,33.0,30.2,21.1,6.9,16.5,42.0,4.9,10.8,45.6,2.0,5.6,34.9,5.4,7.5,71.4,1.0,3.0,4.0,4.5,2.3,0.3,2.2,2.4
480,J201458,Jordan McRae,77,179,03/28/1991,25,SG,58,2014,84.5,104.0,5.2,27.5,34.5,35.0,32.2,24.1,7.7,18.2,42.6,5.1,10.4,48.9,2.7,7.8,34.3,5.9,7.5,78.7,1.0,3.7,4.7,3.2,0.9,1.4,2.8,2.8
481,X201459,Xavier Thames,75,187,01/19/1991,25,SG,59,2014,76.0,96.0,6.4,29.0,32.5,34.0,32.1,23.6,7.0,17.0,40.9,4.7,11.0,43.2,2.2,6.0,36.7,7.4,8.9,83.6,0.8,3.1,3.8,4.3,2.1,0.2,1.9,2.7
482,C201460,Corey Jefferson,81,218,12/26/1990,25,PF,60,2014,84.5,105.0,5.3,33.0,37.5,36.0,29.3,19.0,6.7,13.6,49.4,6.2,12.2,50.8,0.5,1.4,37.8,5.0,7.7,64.6,3.9,7.5,11.4,1.4,0.5,1.8,1.9,3.2
483,K20151,Karl Towns,84,248,11/15/1995,20,PF,1,2015,87.25,109.0,8.1,29.0,36.5,39.0,21.1,19.6,7.1,12.5,56.6,7.0,12.1,57.7,0.1,0.4,25.0,5.3,6.6,81.3,4.5,8.3,12.8,2.2,0.9,4.2,2.6,5.6
484,J20153,Jahlil Okafor,83,272,12/15/1995,20,C,3,2015,89.0,110.5,0.0,0.0,0.0,38.0,30.1,22.0,9.3,14.1,66.4,9.3,14.1,66.4,0.0,0.0,0.0,3.3,6.5,51.0,4.5,6.4,10.9,1.6,1.0,1.8,3.2,2.7
485,W20156,Willie Cauley-Stein,85,242,08/18/1993,22,C,6,2015,87.0,111.0,6.3,0.0,0.0,39.0,25.9,13.9,5.4,9.4,57.2,5.4,9.4,57.2,0.0,0.0,0.0,3.1,5.1,61.7,3.5,6.5,10.0,1.5,1.9,2.7,1.9,3.1
486,S20158,Stanley Johnson,79,242,05/29/1996,19,SF,8,2015,83.5,102.0,7.5,0.0,0.0,38.0,28.4,18.8,6.3,14.0,44.6,4.7,9.9,47.8,1.5,4.2,37.1,4.8,6.4,74.2,2.7,6.2,8.9,2.3,2.1,0.5,3.0,3.6
487,F20159,Frank Kaminsky,85,231,04/04/1993,23,PF,9,2015,83.0,109.5,9.4,0.0,0.0,39.0,33.6,23.6,8.6,15.8,54.7,7.3,12.5,58.1,1.4,3.3,41.6,5.0,6.5,78.0,1.9,8.5,10.4,3.3,1.1,1.8,2.0,2.1
488,J201510,Justise Winslow,79,222,03/26/1996,20,SF,10,2015,82.25,104.5,5.3,0.0,0.0,39.0,29.1,16.6,5.8,12.0,48.5,4.3,8.3,51.6,1.6,3.7,41.4,3.4,5.3,64.1,1.7,6.8,8.5,2.8,1.8,1.1,2.4,3.6
489,M201511,Myles Turner,84,239,03/24/1996,20,C,11,2015,88.0,112.0,9.3,0.0,0.0,34.0,22.2,18.6,6.3,13.9,45.5,5.4,10.5,51.3,0.9,3.3,27.4,5.1,6.0,83.9,2.4,9.6,12.0,1.1,0.5,4.8,2.5,4.4
490,T201512,Trey Lyles,82,241,11/05/1995,20,PF,12,2015,85.5,108.0,12.1,0.0,0.0,36.0,23.0,15.2,5.7,11.7,48.8,5.5,10.3,53.6,0.2,1.4,13.8,3.7,5.0,73.5,3.2,6.0,9.2,1.8,0.9,0.8,2.0,2.8
491,D201513,Devin Booker,78,206,10/30/1996,19,SG,13,2015,80.25,102.5,8.3,27.5,34.5,38.0,21.5,18.8,6.7,14.2,47.0,3.8,7.2,52.7,2.9,7.0,41.1,2.6,3.2,82.8,0.8,2.9,3.7,2.1,0.8,0.1,1.8,2.9
492,C201514,Cameron Payne,74,183,08/08/1994,21,PG,14,2015,79.25,97.5,6.3,30.0,35.5,33.0,32.8,23.8,8.2,18.3,44.9,5.3,10.5,50.7,2.9,7.8,37.3,4.5,5.7,78.3,0.7,3.7,4.5,7.0,2.1,0.6,3.0,2.4
493,K201515,Kelly Oubre,79,203,12/09/1995,20,SF,15,2015,86.25,102.5,5.7,34.5,37.0,36.0,21.0,17.1,5.6,12.7,44.4,3.9,7.8,49.7,1.7,4.9,35.8,4.1,5.6,71.8,2.1,7.1,9.2,1.4,2.1,0.7,2.2,3.6
494,T201516,Terry Rozier,74,190,03/17/1994,22,PG,16,2015,80.25,98.5,5.6,33.0,38.0,36.0,35.0,19.2,6.7,16.3,41.1,5.2,11.4,45.6,1.5,4.9,30.6,4.3,5.5,79.0,1.3,4.9,6.2,3.4,2.2,0.2,2.5,1.9
495,R201517,Rashad Vaughn,77,199,08/16/1996,19,SG,17,2015,79.0,101.0,6.2,28.0,34.0,22.0,32.7,22.2,7.8,17.6,44.7,4.9,9.9,49.4,2.9,7.6,38.4,3.6,5.2,70.2,0.8,5.0,5.8,1.9,1.0,0.4,2.7,2.9
496,S201518,Sam Dekker,81,219,05/08/1994,22,SF,18,2015,83.5,106.0,7.5,25.5,34.5,40.0,31.0,19.0,7.3,13.9,52.5,5.6,8.7,63.9,1.7,5.2,33.1,2.7,3.9,70.8,2.6,5.0,7.6,1.7,0.7,0.6,1.2,1.4
497,J201519,Jerian Grant,77,198,10/09/1992,23,PG,19,2015,79.5,100.0,5.6,0.0,0.0,38.0,37.1,17.9,5.8,12.2,47.8,4.4,7.7,57.2,1.4,4.5,31.6,4.8,6.2,78.0,0.4,2.9,3.3,7.2,1.8,0.5,2.3,2.1
498,D201520,Delon Wright,78,181,04/26/1992,24,PG,20,2015,79.5,101.5,6.6,29.5,31.0,34.0,33.6,18.1,5.8,11.5,50.5,4.9,8.9,54.9,0.9,2.6,35.6,5.5,6.6,83.5,1.2,4.9,6.2,6.2,2.5,1.2,2.4,1.8
499,J201521,Justin Anderson,78,231,11/19/1993,22,SF,21,2015,83.75,101.0,5.0,38.0,43.0,26.0,27.8,19.3,6.3,13.4,46.6,3.4,7.1,47.9,2.9,6.3,45.2,3.9,5.0,78.0,1.0,5.3,6.4,2.7,1.0,0.9,1.9,1.8
500,B201522,Bobby Portis,83,246,02/10/1995,21,PF,22,2015,86.0,108.5,8.9,25.0,31.5,36.0,29.9,21.5,8.5,15.9,53.6,8.1,14.9,54.1,0.5,1.0,46.7,3.9,5.3,73.7,4.5,6.4,11.0,1.4,1.3,1.7,1.9,2.7
501,R201523,Rondae Hollis-Jefferson,79,211,01/03/1995,21,SF,23,2015,86.0,104.0,5.0,32.0,38.0,38.0,28.7,15.2,4.9,9.8,50.2,4.7,8.8,53.7,0.2,1.0,20.7,5.2,7.3,70.7,2.7,6.5,9.3,2.1,1.6,1.1,2.1,3.4
502,T201524,Tyus Jones,74,185,05/10/1996,19,PG,24,2015,77.0,97.0,6.5,26.5,32.5,39.0,33.9,13.3,3.9,9.4,41.7,2.5,5.8,44.0,1.4,3.6,37.9,4.2,4.7,88.9,0.5,3.4,4.0,6.3,1.7,0.1,2.2,1.3
503,J201525,Jarell Martin,81,239,05/24/1994,21,SF,25,2015,81.75,106.5,10.1,28.5,34.5,33.0,35.1,17.6,6.4,12.5,50.9,5.9,10.9,54.5,0.4,1.6,26.9,4.4,6.4,69.0,3.1,6.5,9.6,1.9,1.2,0.7,2.9,2.9
504,L201527,Larry Nance,81,227,01/01/1993,23,PF,27,2015,85.5,108.0,6.4,29.0,37.5,29.0,36.0,19.9,7.3,14.4,50.7,6.7,12.7,52.9,0.6,1.7,34.1,4.7,6.0,78.5,1.8,7.0,8.8,2.9,1.5,1.5,2.8,2.8
505,R201528,R.J. Hunter,78,185,10/24/1993,22,SG,28,2015,82.5,104.0,6.0,27.5,33.5,34.0,37.2,21.2,6.3,16.0,39.3,3.9,7.9,49.0,2.4,8.1,29.8,6.3,7.1,88.7,0.9,4.3,5.2,3.8,2.3,1.1,2.4,2.6
506,C201529,Chris McCullough,81,199,02/05/1995,21,PF,29,2015,87.25,109.0,6.2,0.0,0.0,16.0,28.1,12.9,4.7,9.8,47.8,4.6,9.7,47.3,0.1,0.1,100.0,3.5,6.1,56.3,3.1,6.4,9.5,1.6,2.3,2.9,3.0,3.5
507,K201530,Kevon Looney,81,222,02/06/1996,20,PF,30,2015,87.5,110.0,11.9,0.0,0.0,36.0,30.9,14.3,5.2,11.0,47.0,4.4,9.2,48.1,0.8,1.8,41.5,3.2,5.0,62.6,4.2,7.2,11.4,1.8,1.6,1.1,1.5,3.6
508,M201532,Montrezl Harrell,80,253,01/26/1994,22,PF,32,2015,88.25,109.0,11.9,0.0,0.0,35.0,35.1,17.6,6.8,12.0,56.6,6.5,10.8,60.2,0.3,1.2,24.3,3.6,6.1,59.7,3.6,6.7,10.3,1.6,1.1,1.3,2.2,2.4
509,J201533,Jordan Mickey,80,238,07/09/1994,21,PF,33,2015,87.25,106.0,7.2,33.0,37.5,31.0,34.9,16.1,6.4,12.8,50.4,6.4,12.5,51.4,0.0,0.3,11.1,3.2,5.0,64.6,3.3,7.1,10.4,1.4,1.0,3.8,3.4,2.7
510,A201534,Anthony Brown,79,211,10/10/1992,23,SF,34,2015,83.25,104.5,6.1,27.5,34.5,37.0,35.7,16.2,5.2,12.1,43.1,2.9,6.8,42.4,2.3,5.3,44.1,3.4,4.3,79.5,1.2,6.3,7.6,2.8,0.8,0.2,2.1,2.3
511,R201536,Rakeem Christmas,82,243,12/01/1991,24,PF,36,2015,89.25,110.5,9.6,29.0,0.0,31.0,34.3,19.8,7.4,13.4,55.3,7.4,13.4,55.5,0.0,0.0,0.0,5.0,7.0,71.2,3.5,6.7,10.2,1.7,1.1,2.8,2.9,3.8
512,R201537,Richaun Holmes,82,243,10/15/1993,22,PF,37,2015,85.5,108.0,8.8,32.5,36.0,30.0,28.7,20.4,7.4,13.2,56.1,6.6,11.2,58.6,0.8,2.0,41.9,4.8,6.7,71.1,4.0,7.4,11.3,1.2,1.0,3.8,2.7,3.4
513,D201538,Darrun Hilliard,78,220,04/13/1993,23,SF,38,2015,81.0,103.5,0.0,31.0,0.0,35.0,28.8,19.8,6.7,15.3,44.0,3.6,7.2,50.0,3.1,8.1,38.7,3.2,4.1,79.6,0.6,3.7,4.3,2.9,2.5,0.5,1.7,3.1
514,P201541,Pat Connaughton,77,215,01/06/1993,23,SG,41,2015,80.75,96.0,10.2,37.5,44.0,38.0,35.6,14.1,4.9,10.6,46.6,2.2,4.0,53.7,2.8,6.5,42.3,1.5,1.9,78.1,1.2,7.1,8.4,1.7,0.8,1.1,1.3,2.2
515,O201542,Olivier Hanlan,76,186,02/15/1993,23,PG,42,2015,78.5,100.0,4.3,28.0,34.0,32.0,37.6,20.8,7.5,16.5,45.4,5.3,10.4,51.3,2.2,6.1,35.3,3.7,4.8,75.9,0.8,3.7,4.5,4.5,1.4,0.0,2.8,2.3
516,J201543,Joseph Young,74,182,06/27/1992,23,PG,43,2015,77.0,94.5,4.1,34.5,40.5,35.0,37.0,21.2,7.5,16.8,44.4,4.8,9.5,50.6,2.7,7.3,36.4,3.6,3.9,93.2,0.5,3.9,4.4,3.7,1.1,0.0,2.5,1.5
517,A201544,Andrew Harrison,78,213,10/20/1994,21,PG,44,2015,81.0,100.0,5.9,26.5,33.0,39.0,25.5,14.8,4.1,10.8,37.8,2.6,7.0,37.6,1.5,3.8,38.3,5.1,6.4,79.2,0.5,3.0,3.5,5.6,1.6,0.3,2.6,2.8
518,M201545,Marcus Thornton,75,177,02/09/1993,23,PG,45,2015,79.75,97.5,5.3,34.5,43.0,31.0,37.6,21.4,7.1,15.6,45.3,3.8,7.3,52.6,3.2,8.3,38.8,4.0,4.9,82.4,0.3,2.6,2.9,3.2,0.7,0.1,2.6,1.2
519,N201546,Norman Powell,76,215,05/25/1993,22,SG,46,2015,82.75,102.5,6.4,32.5,40.5,36.0,34.6,18.2,6.5,14.4,45.6,5.4,10.7,50.3,1.2,3.7,31.9,3.9,5.2,75.1,0.6,4.6,5.2,2.3,2.0,0.5,2.5,2.8
520,D201548,Dakari Johnson,84,265,09/22/1995,20,C,48,2015,86.0,112.0,14.9,22.5,25.0,39.0,16.3,15.7,5.0,9.9,50.6,5.0,9.9,50.6,0.0,0.0,0.0,5.7,9.1,62.5,4.3,7.1,11.4,1.8,0.9,2.3,2.7,4.4
521,A201549,Aaron White,81,220,09/10/1992,23,PF,49,2015,83.5,106.5,8.0,30.0,35.0,34.0,31.5,20.9,6.4,12.3,52.1,5.6,10.1,55.8,0.8,2.2,35.6,7.3,8.9,81.9,2.7,6.6,9.3,1.8,1.7,0.6,1.5,2.0
522,T201551,Tyler Harvey,76,181,07/17/1993,22,SG,51,2015,77.5,98.5,9.2,26.0,28.5,29.0,37.4,23.0,7.1,15.7,45.0,3.1,6.0,51.7,3.9,9.7,40.9,5.0,5.8,85.6,0.7,2.9,3.6,2.4,1.1,0.1,2.1,2.0
523,C201555,Cady Lalanne,82,241,04/22/1992,24,PF,55,2015,89.0,110.5,0.0,28.5,0.0,32.0,29.0,15.0,5.6,10.1,55.2,5.5,9.4,58.2,0.1,0.7,16.7,3.7,5.8,63.6,4.5,7.9,12.3,0.4,0.8,2.5,3.2,3.5
524,B201556,Branden Dawson,79,230,02/01/1993,23,PF,56,2015,83.0,105.0,5.8,28.5,34.5,35.0,30.1,15.8,6.9,12.9,53.5,6.9,12.9,53.5,0.0,0.0,0.0,1.9,4.0,49.0,3.9,8.2,12.1,2.2,1.6,2.2,2.5,2.7
525,J201558,J.P. Tokoto,78,196,09/15/1993,22,SG,58,2015,82.0,100.5,4.1,34.5,40.0,38.0,29.1,10.6,3.9,9.1,42.8,3.5,8.0,43.5,0.4,1.1,37.5,2.4,3.9,61.5,2.1,5.1,7.2,5.5,1.9,0.4,2.9,3.1
